{"type":"FeatureCollection","features":[{"type":"Feature","properties":{"id":1,"property":"Cattle"},"geometry":{"type":"Point","coordinates":[-81.3817,35.4258]}},{"type":"Feature","properties":{"id":2,"property":"Cattle"},"geometry":{"type":"Point","coordinates":[-81.3817,35.4258]}},{"type":"Feature","properties":{"id":3,"property":"Cattle"},"geometry":{"type":"Point","coordinates":[-81.3817,35.4258]}},{"type":"Feature","properties":{"id":4,"property":"Cattle"},"geometry":{"type":"Point","coordinates":[-81.3817,35.4258]}},{"type":"Feature","properties":{"id":5,"property":"Swine"},"geometry":{"type":"Point","coordinates":[-78.09,35.0467]}},{"type":"Feature","properties":{"id":6,"property":"Swine"},"geometry":{"type":"Point","coordinates":[-78.1314,34.8875]}},{"type":"Feature","properties":{"id":7,"property":"Swine"},"geometry":{"type":"Point","coordinates":[-78.1314,34.8875]}},{"type":"Feature","properties":{"id":8,"property":"Swine"},"geometry":{"type":"Point","coordinates":[-78.1314,34.8875]}},{"type":"Feature","properties":{"id":9,"property":"Swine"},"geometry":{"type":"Point","coordinates":[-78.1514,34.8672]}},{"type":"Feature","properties":{"id":10,"property":"Swine"},"geometry":{"type":"Point","coordinates":[-77.98,35.0542]}},{"type":"Feature","properties":{"id":11,"property":"Swine"},"geometry":{"type":"Point","coordinates":[-78.1333,35.0183]}},{"type":"Feature","properties":{"id":12,"property":"Swine"},"geometry":{"type":"Point","coordinates":[-78.151154,34.881703]}},{"type":"Feature","properties":{"id":13,"property":"Swine"},"geometry":{"type":"Point","coordinates":[-77.936535,35.044596]}},{"type":"Feature","properties":{"id":14,"property":"Swine"},"geometry":{"type":"Point","coordinates":[-78.0778,35.045]}},{"type":"Feature","properties":{"id":15,"property":"Swine"},"geometry":{"type":"Point","coordinates":[-77.9278,35.0389]}},{"type":"Feature","properties":{"id":16,"property":"Swine"},"geometry":{"type":"Point","coordinates":[-77.9703,35.0519]}},{"type":"Feature","properties":{"id":17,"property":"Swine"},"geometry":{"type":"Point","coordinates":[-77.9597,34.9228]}},{"type":"Feature","properties":{"id":18,"property":"Swine"},"geometry":{"type":"Point","coordinates":[-77.938136,34.932173]}},{"type":"Feature","properties":{"id":19,"property":"Swine"},"geometry":{"type":"Point","coordinates":[-77.909363,34.837027]}},{"type":"Feature","properties":{"id":20,"property":"Swine"},"geometry":{"type":"Point","coordinates":[-77.9278,34.9056]}},{"type":"Feature","properties":{"id":21,"property":"Swine"},"geometry":{"type":"Point","coordinates":[-78.1542,34.9681]}},{"type":"Feature","properties":{"id":22,"property":"Swine"},"geometry":{"type":"Point","coordinates":[-78.056092,35.044787]}},{"type":"Feature","properties":{"id":23,"property":"Swine"},"geometry":{"type":"Point","coordinates":[-78.0333,35.0425]}},{"type":"Feature","properties":{"id":24,"property":"Swine"},"geometry":{"type":"Point","coordinates":[-78.1297,34.8489]}},{"type":"Feature","properties":{"id":25,"property":"Swine"},"geometry":{"type":"Point","coordinates":[-78.063594,35.078603]}},{"type":"Feature","properties":{"id":26,"property":"Swine"},"geometry":{"type":"Point","coordinates":[-78.0778,35.0575]}},{"type":"Feature","properties":{"id":27,"property":"Swine"},"geometry":{"type":"Point","coordinates":[-77.4711,36.4958]}},{"type":"Feature","properties":{"id":28,"property":"Swine"},"geometry":{"type":"Point","coordinates":[-77.617575,36.53905]}},{"type":"Feature","properties":{"id":29,"property":"Swine"},"geometry":{"type":"Point","coordinates":[-78.163722,34.883219]}},{"type":"Feature","properties":{"id":30,"property":"Swine"},"geometry":{"type":"Point","coordinates":[-78.176719,34.9624]}},{"type":"Feature","properties":{"id":31,"property":"Swine"},"geometry":{"type":"Point","coordinates":[-78.170441,34.960405]}},{"type":"Feature","properties":{"id":32,"property":"Swine"},"geometry":{"type":"Point","coordinates":[-78.156316,34.945583]}},{"type":"Feature","properties":{"id":33,"property":"Swine"},"geometry":{"type":"Point","coordinates":[-78.172811,34.984819]}},{"type":"Feature","properties":{"id":34,"property":"Swine"},"geometry":{"type":"Point","coordinates":[-78.151152,34.928158]}},{"type":"Feature","properties":{"id":35,"property":"Swine"},"geometry":{"type":"Point","coordinates":[-78.222075,35.000136]}},{"type":"Feature","properties":{"id":36,"property":"Swine"},"geometry":{"type":"Point","coordinates":[-78.167027,34.903997]}},{"type":"Feature","properties":{"id":37,"property":"Swine"},"geometry":{"type":"Point","coordinates":[-78.182833,35.011463]}},{"type":"Feature","properties":{"id":38,"property":"Cattle"},"geometry":{"type":"Point","coordinates":[-79.4994,36.1742]}},{"type":"Feature","properties":{"id":39,"property":"Swine"},"geometry":{"type":"Point","coordinates":[-79.4994,36.1742]}},{"type":"Feature","properties":{"id":40,"property":"Cattle"},"geometry":{"type":"Point","coordinates":[-79.3261,36.0442]}},{"type":"Feature","properties":{"id":41,"property":"Cattle"},"geometry":{"type":"Point","coordinates":[-81.209042,35.933134]}},{"type":"Feature","properties":{"id":42,"property":"Cattle"},"geometry":{"type":"Point","coordinates":[-81.054686,35.847885]}},{"type":"Feature","properties":{"id":43,"property":"Cattle"},"geometry":{"type":"Point","coordinates":[-81.035494,35.885466]}},{"type":"Feature","properties":{"id":44,"property":"Cattle"},"geometry":{"type":"Point","coordinates":[-81.231917,35.89547]}},{"type":"Feature","properties":{"id":45,"property":"Cattle"},"geometry":{"type":"Point","coordinates":[-81.211292,35.944308]}},{"type":"Feature","properties":{"id":46,"property":"Cattle"},"geometry":{"type":"Point","coordinates":[-81.1761,36.5556]}},{"type":"Feature","properties":{"id":47,"property":"Cattle"},"geometry":{"type":"Point","coordinates":[-80.9711,36.5036]}},{"type":"Feature","properties":{"id":48,"property":"Cattle"},"geometry":{"type":"Point","coordinates":[-81.178093,36.523241]}},{"type":"Feature","properties":{"id":49,"property":"Cattle"},"geometry":{"type":"Point","coordinates":[-81.2258,36.5086]}},{"type":"Feature","properties":{"id":50,"property":"Cattle"},"geometry":{"type":"Point","coordinates":[-81.175355,36.502328]}},{"type":"Feature","properties":{"id":51,"property":"Cattle"},"geometry":{"type":"Point","coordinates":[-81.1883,36.5383]}},{"type":"Feature","properties":{"id":52,"property":"Cattle"},"geometry":{"type":"Point","coordinates":[-81.1669,36.5319]}},{"type":"Feature","properties":{"id":53,"property":"Cattle"},"geometry":{"type":"Point","coordinates":[-80.29248,35.021592]}},{"type":"Feature","properties":{"id":54,"property":"Cattle"},"geometry":{"type":"Point","coordinates":[-80.2464,34.8156]}},{"type":"Feature","properties":{"id":55,"property":"Cattle"},"geometry":{"type":"Point","coordinates":[-80.2464,34.8156]}},{"type":"Feature","properties":{"id":56,"property":"Cattle"},"geometry":{"type":"Point","coordinates":[-80.2464,34.8156]}},{"type":"Feature","properties":{"id":57,"property":"Cattle"},"geometry":{"type":"Point","coordinates":[-82.4347,35.4764]}},{"type":"Feature","properties":{"id":58,"property":"Cattle"},"geometry":{"type":"Point","coordinates":[-82.5947,35.4558]}},{"type":"Feature","properties":{"id":59,"property":"Cattle"},"geometry":{"type":"Point","coordinates":[-82.3781,35.5119]}},{"type":"Feature","properties":{"id":60,"property":"Cattle"},"geometry":{"type":"Point","coordinates":[-80.505434,35.497855]}},{"type":"Feature","properties":{"id":61,"property":"Cattle"},"geometry":{"type":"Point","coordinates":[-80.538573,35.204575]}},{"type":"Feature","properties":{"id":62,"property":"Cattle"},"geometry":{"type":"Point","coordinates":[-80.538573,35.204575]}},{"type":"Feature","properties":{"id":63,"property":"Cattle"},"geometry":{"type":"Point","coordinates":[-80.538573,35.204575]}},{"type":"Feature","properties":{"id":64,"property":"Cattle"},"geometry":{"type":"Point","coordinates":[-81.4733,35.5833]}},{"type":"Feature","properties":{"id":65,"property":"Cattle"},"geometry":{"type":"Point","coordinates":[-81.4733,35.5833]}},{"type":"Feature","properties":{"id":66,"property":"Cattle"},"geometry":{"type":"Point","coordinates":[-81.4733,35.5833]}},{"type":"Feature","properties":{"id":67,"property":"Cattle"},"geometry":{"type":"Point","coordinates":[-81.4733,35.5833]}},{"type":"Feature","properties":{"id":68,"property":"Cattle"},"geometry":{"type":"Point","coordinates":[-79.4847,35.6786]}},{"type":"Feature","properties":{"id":69,"property":"Cattle"},"geometry":{"type":"Point","coordinates":[-79.2378,35.8719]}},{"type":"Feature","properties":{"id":70,"property":"Cattle"},"geometry":{"type":"Point","coordinates":[-79.245,35.7444]}},{"type":"Feature","properties":{"id":71,"property":"Cattle"},"geometry":{"type":"Point","coordinates":[-79.4733,35.5267]}},{"type":"Feature","properties":{"id":72,"property":"Cattle"},"geometry":{"type":"Point","coordinates":[-79.3589,35.8378]}},{"type":"Feature","properties":{"id":73,"property":"Cattle"},"geometry":{"type":"Point","coordinates":[-81.3997,35.2925]}},{"type":"Feature","properties":{"id":74,"property":"Cattle"},"geometry":{"type":"Point","coordinates":[-81.3997,35.2925]}},{"type":"Feature","properties":{"id":75,"property":"Cattle"},"geometry":{"type":"Point","coordinates":[-81.3997,35.2925]}},{"type":"Feature","properties":{"id":76,"property":"Cattle"},"geometry":{"type":"Point","coordinates":[-81.6014,35.4767]}},{"type":"Feature","properties":{"id":77,"property":"Cattle"},"geometry":{"type":"Point","coordinates":[-80.3133,35.7325]}},{"type":"Feature","properties":{"id":78,"property":"Cattle"},"geometry":{"type":"Point","coordinates":[-80.3133,35.7325]}},{"type":"Feature","properties":{"id":79,"property":"Cattle"},"geometry":{"type":"Point","coordinates":[-80.3133,35.7325]}},{"type":"Feature","properties":{"id":80,"property":"Cattle"},"geometry":{"type":"Point","coordinates":[-80.1339,35.7353]}},{"type":"Feature","properties":{"id":81,"property":"Cattle"},"geometry":{"type":"Point","coordinates":[-80.1339,35.7353]}},{"type":"Feature","properties":{"id":82,"property":"Cattle"},"geometry":{"type":"Point","coordinates":[-80.6653,35.895]}},{"type":"Feature","properties":{"id":83,"property":"Cattle"},"geometry":{"type":"Point","coordinates":[-78.8061,36.1781]}},{"type":"Feature","properties":{"id":84,"property":"Cattle"},"geometry":{"type":"Point","coordinates":[-78.162776,36.079148]}},{"type":"Feature","properties":{"id":85,"property":"Cattle"},"geometry":{"type":"Point","coordinates":[-81.3542,35.4042]}},{"type":"Feature","properties":{"id":86,"property":"Cattle"},"geometry":{"type":"Point","coordinates":[-81.3542,35.4042]}},{"type":"Feature","properties":{"id":87,"property":"Cattle"},"geometry":{"type":"Point","coordinates":[-81.3542,35.4042]}},{"type":"Feature","properties":{"id":88,"property":"Cattle"},"geometry":{"type":"Point","coordinates":[-78.6472,36.3158]}},{"type":"Feature","properties":{"id":89,"property":"Cattle"},"geometry":{"type":"Point","coordinates":[-77.5213,35.4564]}},{"type":"Feature","properties":{"id":90,"property":"Cattle"},"geometry":{"type":"Point","coordinates":[-77.725403,35.564439]}},{"type":"Feature","properties":{"id":91,"property":"Cattle"},"geometry":{"type":"Point","coordinates":[-79.753067,36.239771]}},{"type":"Feature","properties":{"id":92,"property":"Cattle"},"geometry":{"type":"Point","coordinates":[-79.658204,36.240822]}},{"type":"Feature","properties":{"id":93,"property":"Cattle"},"geometry":{"type":"Point","coordinates":[-79.658204,36.240822]}},{"type":"Feature","properties":{"id":94,"property":"Cattle"},"geometry":{"type":"Point","coordinates":[-79.5578,36.1731]}},{"type":"Feature","properties":{"id":95,"property":"Cattle"},"geometry":{"type":"Point","coordinates":[-79.5736,36.1708]}},{"type":"Feature","properties":{"id":96,"property":"Cattle"},"geometry":{"type":"Point","coordinates":[-79.5736,36.1708]}},{"type":"Feature","properties":{"id":97,"property":"Cattle"},"geometry":{"type":"Point","coordinates":[-79.611771,36.137274]}},{"type":"Feature","properties":{"id":98,"property":"Cattle"},"geometry":{"type":"Point","coordinates":[-83.0217,35.5847]}},{"type":"Feature","properties":{"id":99,"property":"Cattle"},"geometry":{"type":"Point","coordinates":[-83.019652,35.595505]}},{"type":"Feature","properties":{"id":100,"property":"Cattle"},"geometry":{"type":"Point","coordinates":[-82.8347,35.5981]}},{"type":"Feature","properties":{"id":"","property":"Cattle"},"geometry":{"type":"Point","coordinates":[-82.975,35.6694]}},{"type":"Feature","properties":{"id":"","property":"Cattle"},"geometry":{"type":"Point","coordinates":[-82.9417,35.6047]}},{"type":"Feature","properties":{"id":"","property":"Cattle"},"geometry":{"type":"Point","coordinates":[-82.975,35.595]}},{"type":"Feature","properties":{"id":"","property":"Cattle"},"geometry":{"type":"Point","coordinates":[-82.8333,35.5528]}},{"type":"Feature","properties":{"id":"","property":"Cattle"},"geometry":{"type":"Point","coordinates":[-80.925,36.0328]}},{"type":"Feature","properties":{"id":"","property":"Cattle"},"geometry":{"type":"Point","coordinates":[-80.925,36.0328]}},{"type":"Feature","properties":{"id":"","property":"Cattle"},"geometry":{"type":"Point","coordinates":[-80.925,36.0328]}},{"type":"Feature","properties":{"id":"","property":"Cattle"},"geometry":{"type":"Point","coordinates":[-80.925,36.0328]}},{"type":"Feature","properties":{"id":"","property":"Cattle"},"geometry":{"type":"Point","coordinates":[-80.8136,35.9192]}},{"type":"Feature","properties":{"id":"","property":"Cattle"},"geometry":{"type":"Point","coordinates":[-80.8136,35.9192]}},{"type":"Feature","properties":{"id":"","property":"Cattle"},"geometry":{"type":"Point","coordinates":[-80.8136,35.9192]}},{"type":"Feature","properties":{"id":"","property":"Cattle"},"geometry":{"type":"Point","coordinates":[-80.8136,35.9192]}},{"type":"Feature","properties":{"id":"","property":"Cattle"},"geometry":{"type":"Point","coordinates":[-80.8292,35.8389]}},{"type":"Feature","properties":{"id":"","property":"Cattle"},"geometry":{"type":"Point","coordinates":[-80.8375,36.0542]}},{"type":"Feature","properties":{"id":"","property":"Cattle"},"geometry":{"type":"Point","coordinates":[-80.8375,36.0542]}},{"type":"Feature","properties":{"id":"","property":"Cattle"},"geometry":{"type":"Point","coordinates":[-80.8375,36.0542]}},{"type":"Feature","properties":{"id":"","property":"Cattle"},"geometry":{"type":"Point","coordinates":[-80.8375,36.0542]}},{"type":"Feature","properties":{"id":"","property":"Cattle"},"geometry":{"type":"Point","coordinates":[-81,36.0244]}},{"type":"Feature","properties":{"id":"","property":"Cattle"},"geometry":{"type":"Point","coordinates":[-81,36.0244]}},{"type":"Feature","properties":{"id":"","property":"Cattle"},"geometry":{"type":"Point","coordinates":[-81,36.0244]}},{"type":"Feature","properties":{"id":"","property":"Cattle"},"geometry":{"type":"Point","coordinates":[-81,36.0244]}},{"type":"Feature","properties":{"id":"","property":"Cattle"},"geometry":{"type":"Point","coordinates":[-80.8833,35.9486]}},{"type":"Feature","properties":{"id":"","property":"Cattle"},"geometry":{"type":"Point","coordinates":[-80.7125,35.9097]}},{"type":"Feature","properties":{"id":"","property":"Cattle"},"geometry":{"type":"Point","coordinates":[-80.7125,35.9097]}},{"type":"Feature","properties":{"id":"","property":"Cattle"},"geometry":{"type":"Point","coordinates":[-80.7125,35.9097]}},{"type":"Feature","properties":{"id":"","property":"Cattle"},"geometry":{"type":"Point","coordinates":[-80.7667,35.8917]}},{"type":"Feature","properties":{"id":"","property":"Cattle"},"geometry":{"type":"Point","coordinates":[-80.7667,35.8917]}},{"type":"Feature","properties":{"id":"","property":"Cattle"},"geometry":{"type":"Point","coordinates":[-80.7667,35.8917]}},{"type":"Feature","properties":{"id":"","property":"Cattle"},"geometry":{"type":"Point","coordinates":[-80.7667,35.8917]}},{"type":"Feature","properties":{"id":"","property":"Cattle"},"geometry":{"type":"Point","coordinates":[-81.06013,35.787689]}},{"type":"Feature","properties":{"id":"","property":"Cattle"},"geometry":{"type":"Point","coordinates":[-81.06013,35.787689]}},{"type":"Feature","properties":{"id":"","property":"Cattle"},"geometry":{"type":"Point","coordinates":[-81.06013,35.787689]}},{"type":"Feature","properties":{"id":"","property":"Cattle"},"geometry":{"type":"Point","coordinates":[-81.06013,35.787689]}},{"type":"Feature","properties":{"id":"","property":"Cattle"},"geometry":{"type":"Point","coordinates":[-80.9328,36.0194]}},{"type":"Feature","properties":{"id":"","property":"Cattle"},"geometry":{"type":"Point","coordinates":[-80.9328,36.0194]}},{"type":"Feature","properties":{"id":"","property":"Cattle"},"geometry":{"type":"Point","coordinates":[-80.9328,36.0194]}},{"type":"Feature","properties":{"id":"","property":"Cattle"},"geometry":{"type":"Point","coordinates":[-80.9328,36.0194]}},{"type":"Feature","properties":{"id":"","property":"Cattle"},"geometry":{"type":"Point","coordinates":[-80.9083,35.955]}},{"type":"Feature","properties":{"id":"","property":"Cattle"},"geometry":{"type":"Point","coordinates":[-80.9083,35.955]}},{"type":"Feature","properties":{"id":"","property":"Cattle"},"geometry":{"type":"Point","coordinates":[-80.7333,35.8664]}},{"type":"Feature","properties":{"id":"","property":"Cattle"},"geometry":{"type":"Point","coordinates":[-80.7333,35.8664]}},{"type":"Feature","properties":{"id":"","property":"Cattle"},"geometry":{"type":"Point","coordinates":[-80.7333,35.8664]}},{"type":"Feature","properties":{"id":"","property":"Cattle"},"geometry":{"type":"Point","coordinates":[-80.8722,35.9106]}},{"type":"Feature","properties":{"id":"","property":"Cattle"},"geometry":{"type":"Point","coordinates":[-80.8722,35.9106]}},{"type":"Feature","properties":{"id":"","property":"Cattle"},"geometry":{"type":"Point","coordinates":[-80.8722,35.9106]}},{"type":"Feature","properties":{"id":"","property":"Cattle"},"geometry":{"type":"Point","coordinates":[-80.8722,35.9106]}},{"type":"Feature","properties":{"id":"","property":"Cattle"},"geometry":{"type":"Point","coordinates":[-80.7233,35.9267]}},{"type":"Feature","properties":{"id":"","property":"Cattle"},"geometry":{"type":"Point","coordinates":[-80.9078,35.9272]}},{"type":"Feature","properties":{"id":"","property":"Cattle"},"geometry":{"type":"Point","coordinates":[-80.9078,35.9272]}},{"type":"Feature","properties":{"id":"","property":"Cattle"},"geometry":{"type":"Point","coordinates":[-80.9078,35.9272]}},{"type":"Feature","properties":{"id":"","property":"Cattle"},"geometry":{"type":"Point","coordinates":[-80.9078,35.9272]}},{"type":"Feature","properties":{"id":"","property":"Cattle"},"geometry":{"type":"Point","coordinates":[-80.9475,35.9139]}},{"type":"Feature","properties":{"id":"","property":"Cattle"},"geometry":{"type":"Point","coordinates":[-80.9417,35.8944]}},{"type":"Feature","properties":{"id":"","property":"Cattle"},"geometry":{"type":"Point","coordinates":[-80.8417,35.9514]}},{"type":"Feature","properties":{"id":"","property":"Cattle"},"geometry":{"type":"Point","coordinates":[-80.8417,35.9514]}},{"type":"Feature","properties":{"id":"","property":"Cattle"},"geometry":{"type":"Point","coordinates":[-80.8417,35.9514]}},{"type":"Feature","properties":{"id":"","property":"Cattle"},"geometry":{"type":"Point","coordinates":[-80.8417,35.9514]}},{"type":"Feature","properties":{"id":"","property":"Cattle"},"geometry":{"type":"Point","coordinates":[-80.7183,36.0286]}},{"type":"Feature","properties":{"id":"","property":"Cattle"},"geometry":{"type":"Point","coordinates":[-80.7183,36.0286]}},{"type":"Feature","properties":{"id":"","property":"Cattle"},"geometry":{"type":"Point","coordinates":[-81.15,35.4833]}},{"type":"Feature","properties":{"id":"","property":"Cattle"},"geometry":{"type":"Point","coordinates":[-81.32,35.4167]}},{"type":"Feature","properties":{"id":"","property":"Cattle"},"geometry":{"type":"Point","coordinates":[-81.32,35.4167]}},{"type":"Feature","properties":{"id":"","property":"Cattle"},"geometry":{"type":"Point","coordinates":[-81.32,35.4167]}},{"type":"Feature","properties":{"id":"","property":"Cattle"},"geometry":{"type":"Point","coordinates":[-81.32,35.4167]}},{"type":"Feature","properties":{"id":"","property":"Cattle"},"geometry":{"type":"Point","coordinates":[-81.3511,35.4556]}},{"type":"Feature","properties":{"id":"","property":"Cattle"},"geometry":{"type":"Point","coordinates":[-81.3511,35.4556]}},{"type":"Feature","properties":{"id":"","property":"Cattle"},"geometry":{"type":"Point","coordinates":[-81.3511,35.4556]}},{"type":"Feature","properties":{"id":"","property":"Cattle"},"geometry":{"type":"Point","coordinates":[-81.2839,35.5458]}},{"type":"Feature","properties":{"id":"","property":"Cattle"},"geometry":{"type":"Point","coordinates":[-81.2839,35.5458]}},{"type":"Feature","properties":{"id":"","property":"Cattle"},"geometry":{"type":"Point","coordinates":[-81.2839,35.5458]}},{"type":"Feature","properties":{"id":"","property":"Cattle"},"geometry":{"type":"Point","coordinates":[-81.2839,35.5458]}},{"type":"Feature","properties":{"id":"","property":"Cattle"},"geometry":{"type":"Point","coordinates":[-79.1256,36.2639]}},{"type":"Feature","properties":{"id":"","property":"Cattle"},"geometry":{"type":"Point","coordinates":[-79.839714,35.844191]}},{"type":"Feature","properties":{"id":"","property":"Cattle"},"geometry":{"type":"Point","coordinates":[-79.745,35.5128]}},{"type":"Feature","properties":{"id":"","property":"Swine"},"geometry":{"type":"Point","coordinates":[-79.745,35.5128]}},{"type":"Feature","properties":{"id":"","property":"Cattle"},"geometry":{"type":"Point","coordinates":[-79.8361,35.9]}},{"type":"Feature","properties":{"id":"","property":"Cattle"},"geometry":{"type":"Point","coordinates":[-79.8361,35.9]}},{"type":"Feature","properties":{"id":"","property":"Cattle"},"geometry":{"type":"Point","coordinates":[-79.835513,35.857455]}},{"type":"Feature","properties":{"id":"","property":"Cattle"},"geometry":{"type":"Point","coordinates":[-79.8617,35.7456]}},{"type":"Feature","properties":{"id":"","property":"Cattle"},"geometry":{"type":"Point","coordinates":[-79.8617,35.7456]}},{"type":"Feature","properties":{"id":"","property":"Cattle"},"geometry":{"type":"Point","coordinates":[-79.8617,35.7456]}},{"type":"Feature","properties":{"id":"","property":"Cattle"},"geometry":{"type":"Point","coordinates":[-79.6178,35.6875]}},{"type":"Feature","properties":{"id":"","property":"Cattle"},"geometry":{"type":"Point","coordinates":[-79.6908,35.7022]}},{"type":"Feature","properties":{"id":"","property":"Cattle"},"geometry":{"type":"Point","coordinates":[-79.7756,35.8986]}},{"type":"Feature","properties":{"id":"","property":"Cattle"},"geometry":{"type":"Point","coordinates":[-79.7756,35.8986]}},{"type":"Feature","properties":{"id":"","property":"Cattle"},"geometry":{"type":"Point","coordinates":[-79.7756,35.8986]}},{"type":"Feature","properties":{"id":"","property":"Cattle"},"geometry":{"type":"Point","coordinates":[-79.7756,35.8986]}},{"type":"Feature","properties":{"id":"","property":"Cattle"},"geometry":{"type":"Point","coordinates":[-79.862545,35.809804]}},{"type":"Feature","properties":{"id":"","property":"Cattle"},"geometry":{"type":"Point","coordinates":[-79.692,35.716]}},{"type":"Feature","properties":{"id":"","property":"Cattle"},"geometry":{"type":"Point","coordinates":[-79.692,35.716]}},{"type":"Feature","properties":{"id":"","property":"Cattle"},"geometry":{"type":"Point","coordinates":[-79.711424,36.257569]}},{"type":"Feature","properties":{"id":"","property":"Cattle"},"geometry":{"type":"Point","coordinates":[-80.625,35.6917]}},{"type":"Feature","properties":{"id":"","property":"Cattle"},"geometry":{"type":"Point","coordinates":[-80.712764,35.708494]}},{"type":"Feature","properties":{"id":"","property":"Cattle"},"geometry":{"type":"Point","coordinates":[-80.712764,35.708494]}},{"type":"Feature","properties":{"id":"","property":"Cattle"},"geometry":{"type":"Point","coordinates":[-80.6994,35.5728]}},{"type":"Feature","properties":{"id":"","property":"Cattle"},"geometry":{"type":"Point","coordinates":[-80.76645,35.681883]}},{"type":"Feature","properties":{"id":"","property":"Cattle"},"geometry":{"type":"Point","coordinates":[-80.702283,35.704928]}},{"type":"Feature","properties":{"id":"","property":"Cattle"},"geometry":{"type":"Point","coordinates":[-80.626053,35.780038]}},{"type":"Feature","properties":{"id":"","property":"Cattle"},"geometry":{"type":"Point","coordinates":[-78.505225,35.120688]}},{"type":"Feature","properties":{"id":"","property":"Cattle"},"geometry":{"type":"Point","coordinates":[-80.1439,35.1778]}},{"type":"Feature","properties":{"id":"","property":"Cattle"},"geometry":{"type":"Point","coordinates":[-80.772482,36.392247]}},{"type":"Feature","properties":{"id":"","property":"Cattle"},"geometry":{"type":"Point","coordinates":[-80.7208,36.5014]}},{"type":"Feature","properties":{"id":"","property":"Cattle"},"geometry":{"type":"Point","coordinates":[-80.7208,36.5014]}},{"type":"Feature","properties":{"id":"","property":"Cattle"},"geometry":{"type":"Point","coordinates":[-78.6708,35.7222]}},{"type":"Feature","properties":{"id":"","property":"Cattle"},"geometry":{"type":"Point","coordinates":[-76.6569,35.8564]}},{"type":"Feature","properties":{"id":"","property":"Cattle"},"geometry":{"type":"Point","coordinates":[-78.029778,35.386376]}},{"type":"Feature","properties":{"id":"","property":"Cattle"},"geometry":{"type":"Point","coordinates":[-78.1633,35.3081]}},{"type":"Feature","properties":{"id":"","property":"Cattle"},"geometry":{"type":"Point","coordinates":[-81.3097,36.0267]}},{"type":"Feature","properties":{"id":"","property":"Cattle"},"geometry":{"type":"Point","coordinates":[-80.878594,36.220546]}},{"type":"Feature","properties":{"id":"","property":"Cattle"},"geometry":{"type":"Point","coordinates":[-80.878594,36.220546]}},{"type":"Feature","properties":{"id":"","property":"Cattle"},"geometry":{"type":"Point","coordinates":[-81.040055,36.192837]}},{"type":"Feature","properties":{"id":"","property":"Cattle"},"geometry":{"type":"Point","coordinates":[-80.9278,36.3211]}},{"type":"Feature","properties":{"id":"","property":"Cattle"},"geometry":{"type":"Point","coordinates":[-80.751421,36.059471]}},{"type":"Feature","properties":{"id":"","property":"Cattle"},"geometry":{"type":"Point","coordinates":[-80.751421,36.059471]}},{"type":"Feature","properties":{"id":"","property":"Cattle"},"geometry":{"type":"Point","coordinates":[-80.649333,36.068156]}},{"type":"Feature","properties":{"id":"","property":"Cattle"},"geometry":{"type":"Point","coordinates":[-80.5258,36.2331]}},{"type":"Feature","properties":{"id":"","property":"Cattle"},"geometry":{"type":"Point","coordinates":[-80.5258,36.2331]}},{"type":"Feature","properties":{"id":"","property":"Cattle"},"geometry":{"type":"Point","coordinates":[-80.5258,36.2331]}},{"type":"Feature","properties":{"id":"","property":"Cattle"},"geometry":{"type":"Point","coordinates":[-80.837931,36.099809]}},{"type":"Feature","properties":{"id":"","property":"Cattle"},"geometry":{"type":"Point","coordinates":[-80.837931,36.099809]}},{"type":"Feature","properties":{"id":"","property":"Cattle"},"geometry":{"type":"Point","coordinates":[-79.3,35.9042]}},{"type":"Feature","properties":{"id":"","property":"Cattle"},"geometry":{"type":"Point","coordinates":[-79.3,35.9042]}},{"type":"Feature","properties":{"id":"","property":"Cattle"},"geometry":{"type":"Point","coordinates":[-79.4597,35.8483]}},{"type":"Feature","properties":{"id":"","property":"Cattle"},"geometry":{"type":"Point","coordinates":[-81.13783,35.8503]}},{"type":"Feature","properties":{"id":"","property":"Cattle"},"geometry":{"type":"Point","coordinates":[-81.0481,36.5628]}},{"type":"Feature","properties":{"id":"","property":"Wet Poultry"},"geometry":{"type":"Point","coordinates":[-80.256519,35.116958]}},{"type":"Feature","properties":{"id":"","property":"Wet Poultry"},"geometry":{"type":"Point","coordinates":[-80.276524,35.182138]}},{"type":"Feature","properties":{"id":"","property":"Swine"},"geometry":{"type":"Point","coordinates":[-80.045608,34.849783]}},{"type":"Feature","properties":{"id":"","property":"Swine"},"geometry":{"type":"Point","coordinates":[-80.167827,34.850075]}},{"type":"Feature","properties":{"id":"","property":"Swine"},"geometry":{"type":"Point","coordinates":[-76.8823,35.5675]}},{"type":"Feature","properties":{"id":"","property":"Swine"},"geometry":{"type":"Point","coordinates":[-77.1,35.4886]}},{"type":"Feature","properties":{"id":"","property":"Swine"},"geometry":{"type":"Point","coordinates":[-77.037893,36.14471]}},{"type":"Feature","properties":{"id":"","property":"Swine"},"geometry":{"type":"Point","coordinates":[-78.382786,34.519136]}},{"type":"Feature","properties":{"id":"","property":"Swine"},"geometry":{"type":"Point","coordinates":[-78.745588,34.547755]}},{"type":"Feature","properties":{"id":"","property":"Swine"},"geometry":{"type":"Point","coordinates":[-78.770872,34.841658]}},{"type":"Feature","properties":{"id":"","property":"Swine"},"geometry":{"type":"Point","coordinates":[-78.836869,34.519011]}},{"type":"Feature","properties":{"id":"","property":"Swine"},"geometry":{"type":"Point","coordinates":[-78.496988,34.780672]}},{"type":"Feature","properties":{"id":"","property":"Swine"},"geometry":{"type":"Point","coordinates":[-78.499072,34.686869]}},{"type":"Feature","properties":{"id":"","property":"Swine"},"geometry":{"type":"Point","coordinates":[-78.500663,34.681166]}},{"type":"Feature","properties":{"id":"","property":"Swine"},"geometry":{"type":"Point","coordinates":[-78.437858,34.451572]}},{"type":"Feature","properties":{"id":"","property":"Swine"},"geometry":{"type":"Point","coordinates":[-78.437858,34.451572]}},{"type":"Feature","properties":{"id":"","property":"Swine"},"geometry":{"type":"Point","coordinates":[-78.549316,34.650536]}},{"type":"Feature","properties":{"id":"","property":"Swine"},"geometry":{"type":"Point","coordinates":[-78.683422,34.703597]}},{"type":"Feature","properties":{"id":"","property":"Swine"},"geometry":{"type":"Point","coordinates":[-78.493605,34.6828]}},{"type":"Feature","properties":{"id":"","property":"Swine"},"geometry":{"type":"Point","coordinates":[-78.474189,34.104978]}},{"type":"Feature","properties":{"id":"","property":"Horses"},"geometry":{"type":"Point","coordinates":[-82.5329,35.4299]}},{"type":"Feature","properties":{"id":"","property":"Swine"},"geometry":{"type":"Point","coordinates":[-76.841389,34.788333]}},{"type":"Feature","properties":{"id":"","property":"Cattle"},"geometry":{"type":"Point","coordinates":[-79.4986,35.7367]}},{"type":"Feature","properties":{"id":"","property":"Cattle"},"geometry":{"type":"Point","coordinates":[-79.4986,35.7367]}},{"type":"Feature","properties":{"id":"","property":"Horses"},"geometry":{"type":"Point","coordinates":[-79.4986,35.7367]}},{"type":"Feature","properties":{"id":"","property":"Sheep"},"geometry":{"type":"Point","coordinates":[-79.4986,35.7367]}},{"type":"Feature","properties":{"id":"","property":"Swine"},"geometry":{"type":"Point","coordinates":[-79.4986,35.7367]}},{"type":"Feature","properties":{"id":"","property":"Swine"},"geometry":{"type":"Point","coordinates":[-78.8239,34.1553]}},{"type":"Feature","properties":{"id":"","property":"Swine"},"geometry":{"type":"Point","coordinates":[-77.406897,35.288]}},{"type":"Feature","properties":{"id":"","property":"Swine"},"geometry":{"type":"Point","coordinates":[-77.0042,35.2645]}},{"type":"Feature","properties":{"id":"","property":"Swine"},"geometry":{"type":"Point","coordinates":[-77.213667,35.2549]}},{"type":"Feature","properties":{"id":"","property":"Swine"},"geometry":{"type":"Point","coordinates":[-78.7164,34.972656]}},{"type":"Feature","properties":{"id":"","property":"Swine"},"geometry":{"type":"Point","coordinates":[-78.826036,34.914519]}},{"type":"Feature","properties":{"id":"","property":"Swine"},"geometry":{"type":"Point","coordinates":[-78.5661,34.872772]}},{"type":"Feature","properties":{"id":"","property":"Swine"},"geometry":{"type":"Point","coordinates":[-78.795339,34.899808]}},{"type":"Feature","properties":{"id":"","property":"Cattle"},"geometry":{"type":"Point","coordinates":[-80.29825,35.757833]}},{"type":"Feature","properties":{"id":"","property":"Swine"},"geometry":{"type":"Point","coordinates":[-77.993237,35.060847]}},{"type":"Feature","properties":{"id":"","property":"Swine"},"geometry":{"type":"Point","coordinates":[-77.9531,34.9131]}},{"type":"Feature","properties":{"id":"","property":"Swine"},"geometry":{"type":"Point","coordinates":[-77.774766,35.006263]}},{"type":"Feature","properties":{"id":"","property":"Swine"},"geometry":{"type":"Point","coordinates":[-78.0733,34.7433]}},{"type":"Feature","properties":{"id":"","property":"Swine"},"geometry":{"type":"Point","coordinates":[-77.9417,34.7844]}},{"type":"Feature","properties":{"id":"","property":"Swine"},"geometry":{"type":"Point","coordinates":[-77.736264,34.941904]}},{"type":"Feature","properties":{"id":"","property":"Swine"},"geometry":{"type":"Point","coordinates":[-77.7656,35.0025]}},{"type":"Feature","properties":{"id":"","property":"Swine"},"geometry":{"type":"Point","coordinates":[-77.9236,34.8153]}},{"type":"Feature","properties":{"id":"","property":"Swine"},"geometry":{"type":"Point","coordinates":[-78.0797,34.9483]}},{"type":"Feature","properties":{"id":"","property":"Swine"},"geometry":{"type":"Point","coordinates":[-78.14,34.8433]}},{"type":"Feature","properties":{"id":"","property":"Swine"},"geometry":{"type":"Point","coordinates":[-77.716748,34.901634]}},{"type":"Feature","properties":{"id":"","property":"Swine"},"geometry":{"type":"Point","coordinates":[-77.7486,35.925]}},{"type":"Feature","properties":{"id":"","property":"Swine"},"geometry":{"type":"Point","coordinates":[-77.6389,35.725]}},{"type":"Feature","properties":{"id":"","property":"Swine"},"geometry":{"type":"Point","coordinates":[-77.5,35.8133]}},{"type":"Feature","properties":{"id":"","property":"Swine"},"geometry":{"type":"Point","coordinates":[-77.6944,35.8942]}},{"type":"Feature","properties":{"id":"","property":"Swine"},"geometry":{"type":"Point","coordinates":[-77.5,35.8133]}},{"type":"Feature","properties":{"id":"","property":"Swine"},"geometry":{"type":"Point","coordinates":[-77.7169,36.0389]}},{"type":"Feature","properties":{"id":"","property":"Wet Poultry"},"geometry":{"type":"Point","coordinates":[-78.1347,36.0736]}},{"type":"Feature","properties":{"id":"","property":"Wet Poultry"},"geometry":{"type":"Point","coordinates":[-78.2769,36.2219]}},{"type":"Feature","properties":{"id":"","property":"Swine"},"geometry":{"type":"Point","coordinates":[-78.1397,36.0094]}},{"type":"Feature","properties":{"id":"","property":"Swine"},"geometry":{"type":"Point","coordinates":[-78.135,36.0131]}},{"type":"Feature","properties":{"id":"","property":"Cattle"},"geometry":{"type":"Point","coordinates":[-78.16741,36.08179]}},{"type":"Feature","properties":{"id":"","property":"Swine"},"geometry":{"type":"Point","coordinates":[-76.7594,36.4478]}},{"type":"Feature","properties":{"id":"","property":"Swine"},"geometry":{"type":"Point","coordinates":[-77.6356,35.5244]}},{"type":"Feature","properties":{"id":"","property":"Swine"},"geometry":{"type":"Point","coordinates":[-77.5731,35.4756]}},{"type":"Feature","properties":{"id":"","property":"Swine"},"geometry":{"type":"Point","coordinates":[-77.5603,35.4378]}},{"type":"Feature","properties":{"id":"","property":"Swine"},"geometry":{"type":"Point","coordinates":[-77.6711,35.5028]}},{"type":"Feature","properties":{"id":"","property":"Swine"},"geometry":{"type":"Point","coordinates":[-77.5467,35.4867]}},{"type":"Feature","properties":{"id":"","property":"Swine"},"geometry":{"type":"Point","coordinates":[-79.5533,35.9383]}},{"type":"Feature","properties":{"id":"","property":"Swine"},"geometry":{"type":"Point","coordinates":[-79.655076,36.022753]}},{"type":"Feature","properties":{"id":"","property":"Swine"},"geometry":{"type":"Point","coordinates":[-79.6625,36.0239]}},{"type":"Feature","properties":{"id":"","property":"Swine"},"geometry":{"type":"Point","coordinates":[-77.9306,36.1967]}},{"type":"Feature","properties":{"id":"","property":"Swine"},"geometry":{"type":"Point","coordinates":[-77.9306,36.1967]}},{"type":"Feature","properties":{"id":"","property":"Swine"},"geometry":{"type":"Point","coordinates":[-77.46397,36.187849]}},{"type":"Feature","properties":{"id":"","property":"Swine"},"geometry":{"type":"Point","coordinates":[-78.885872,35.541568]}},{"type":"Feature","properties":{"id":"","property":"Swine"},"geometry":{"type":"Point","coordinates":[-78.943123,35.322333]}},{"type":"Feature","properties":{"id":"","property":"Cattle"},"geometry":{"type":"Point","coordinates":[-83.025,35.5881]}},{"type":"Feature","properties":{"id":"","property":"Cattle"},"geometry":{"type":"Point","coordinates":[-83.025,35.5881]}},{"type":"Feature","properties":{"id":"","property":"Cattle"},"geometry":{"type":"Point","coordinates":[-83.025,35.5881]}},{"type":"Feature","properties":{"id":"","property":"Cattle"},"geometry":{"type":"Point","coordinates":[-83.025,35.5881]},"id":300},{"type":"Feature","properties":{"id":"","property":"Swine"},"geometry":{"type":"Point","coordinates":[-76.825,36.2583]}},{"type":"Feature","properties":{"id":"","property":"Swine"},"geometry":{"type":"Point","coordinates":[-79.272325,34.948088]}},{"type":"Feature","properties":{"id":"","property":"Cattle"},"geometry":{"type":"Point","coordinates":[-80.8667,35.9111]}},{"type":"Feature","properties":{"id":"","property":"Cattle"},"geometry":{"type":"Point","coordinates":[-80.972275,35.7771]}},{"type":"Feature","properties":{"id":"","property":"Cattle"},"geometry":{"type":"Point","coordinates":[-80.972275,35.7771]}},{"type":"Feature","properties":{"id":"","property":"Cattle"},"geometry":{"type":"Point","coordinates":[-80.972275,35.7771]}},{"type":"Feature","properties":{"id":"","property":"Cattle"},"geometry":{"type":"Point","coordinates":[-80.972275,35.7771]}},{"type":"Feature","properties":{"id":"","property":"Cattle"},"geometry":{"type":"Point","coordinates":[-78.3156,35.7047]}},{"type":"Feature","properties":{"id":"","property":"Swine"},"geometry":{"type":"Point","coordinates":[-78.3833,35.2869]}},{"type":"Feature","properties":{"id":"","property":"Swine"},"geometry":{"type":"Point","coordinates":[-78.58452,35.472254]}},{"type":"Feature","properties":{"id":"","property":"Swine"},"geometry":{"type":"Point","coordinates":[-78.516362,35.465362]}},{"type":"Feature","properties":{"id":"","property":"Swine"},"geometry":{"type":"Point","coordinates":[-77.4706,35.1664]}},{"type":"Feature","properties":{"id":"","property":"Swine"},"geometry":{"type":"Point","coordinates":[-77.82402,35.1785]}},{"type":"Feature","properties":{"id":"","property":"Swine"},"geometry":{"type":"Point","coordinates":[-77.77202,35.3201]}},{"type":"Feature","properties":{"id":"","property":"Horses"},"geometry":{"type":"Point","coordinates":[-77.115065,35.823312]}},{"type":"Feature","properties":{"id":"","property":"Wet Poultry"},"geometry":{"type":"Point","coordinates":[-77.9564,36.1514]}},{"type":"Feature","properties":{"id":"","property":"Wet Poultry"},"geometry":{"type":"Point","coordinates":[-77.9917,36.075]}},{"type":"Feature","properties":{"id":"","property":"Wet Poultry"},"geometry":{"type":"Point","coordinates":[-78.0222,36.0728]}},{"type":"Feature","properties":{"id":"","property":"Wet Poultry"},"geometry":{"type":"Point","coordinates":[-78.0481,36.1089]}},{"type":"Feature","properties":{"id":"","property":"Wet Poultry"},"geometry":{"type":"Point","coordinates":[-78.1675,35.9194]}},{"type":"Feature","properties":{"id":"","property":"Swine"},"geometry":{"type":"Point","coordinates":[-77.759504,36.139876]}},{"type":"Feature","properties":{"id":"","property":"Swine"},"geometry":{"type":"Point","coordinates":[-77.759504,36.139876]}},{"type":"Feature","properties":{"id":"","property":"Swine"},"geometry":{"type":"Point","coordinates":[-77.759504,36.139876]}},{"type":"Feature","properties":{"id":"","property":"Swine"},"geometry":{"type":"Point","coordinates":[-77.9617,35.9022]}},{"type":"Feature","properties":{"id":"","property":"Swine"},"geometry":{"type":"Point","coordinates":[-78.0333,35.9022]}},{"type":"Feature","properties":{"id":"","property":"Swine"},"geometry":{"type":"Point","coordinates":[-77.9484,36.019807]}},{"type":"Feature","properties":{"id":"","property":"Swine"},"geometry":{"type":"Point","coordinates":[-78.08,35.905]}},{"type":"Feature","properties":{"id":"","property":"Swine"},"geometry":{"type":"Point","coordinates":[-77.9617,35.9022]}},{"type":"Feature","properties":{"id":"","property":"Swine"},"geometry":{"type":"Point","coordinates":[-78.0283,36.1544]}},{"type":"Feature","properties":{"id":"","property":"Swine"},"geometry":{"type":"Point","coordinates":[-77.9689,35.8769]}},{"type":"Feature","properties":{"id":"","property":"Swine"},"geometry":{"type":"Point","coordinates":[-77.2744,36.3878]}},{"type":"Feature","properties":{"id":"","property":"Swine"},"geometry":{"type":"Point","coordinates":[-77.2694,36.4172]}},{"type":"Feature","properties":{"id":"","property":"Swine"},"geometry":{"type":"Point","coordinates":[-77.3264,36.3008]}},{"type":"Feature","properties":{"id":"","property":"Swine"},"geometry":{"type":"Point","coordinates":[-77.3289,36.4067]}},{"type":"Feature","properties":{"id":"","property":"Swine"},"geometry":{"type":"Point","coordinates":[-77.570315,34.792999]}},{"type":"Feature","properties":{"id":"","property":"Swine"},"geometry":{"type":"Point","coordinates":[-77.657921,34.951406]}},{"type":"Feature","properties":{"id":"","property":"Swine"},"geometry":{"type":"Point","coordinates":[-77.4903,34.8469]}},{"type":"Feature","properties":{"id":"","property":"Swine"},"geometry":{"type":"Point","coordinates":[-77.5483,34.8081]}},{"type":"Feature","properties":{"id":"","property":"Swine"},"geometry":{"type":"Point","coordinates":[-77.620407,34.892645]}},{"type":"Feature","properties":{"id":"","property":"Swine"},"geometry":{"type":"Point","coordinates":[-77.6314,34.8033]}},{"type":"Feature","properties":{"id":"","property":"Cattle"},"geometry":{"type":"Point","coordinates":[-79.2269,35.9542]}},{"type":"Feature","properties":{"id":"","property":"Swine"},"geometry":{"type":"Point","coordinates":[-76.96697,35.1698]}},{"type":"Feature","properties":{"id":"","property":"Swine"},"geometry":{"type":"Point","coordinates":[-76.736725,35.097136]}},{"type":"Feature","properties":{"id":"","property":"Swine"},"geometry":{"type":"Point","coordinates":[-76.1964,36.1919]}},{"type":"Feature","properties":{"id":"","property":"Swine"},"geometry":{"type":"Point","coordinates":[-78.031647,34.543828]}},{"type":"Feature","properties":{"id":"","property":"Swine"},"geometry":{"type":"Point","coordinates":[-78.004383,34.672467]}},{"type":"Feature","properties":{"id":"","property":"Swine"},"geometry":{"type":"Point","coordinates":[-78.0164,34.6669]}},{"type":"Feature","properties":{"id":"","property":"Swine"},"geometry":{"type":"Point","coordinates":[-78.018109,34.563599]}},{"type":"Feature","properties":{"id":"","property":"Swine"},"geometry":{"type":"Point","coordinates":[-78.0567,34.49]}},{"type":"Feature","properties":{"id":"","property":"Swine"},"geometry":{"type":"Point","coordinates":[-77.9067,34.6]}},{"type":"Feature","properties":{"id":"","property":"Swine"},"geometry":{"type":"Point","coordinates":[-77.868935,34.611297]}},{"type":"Feature","properties":{"id":"","property":"Swine"},"geometry":{"type":"Point","coordinates":[-76.4586,36.3536]}},{"type":"Feature","properties":{"id":"","property":"Swine"},"geometry":{"type":"Point","coordinates":[-76.5497,36.2525]}},{"type":"Feature","properties":{"id":"","property":"Swine"},"geometry":{"type":"Point","coordinates":[-76.2408,36.1158]}},{"type":"Feature","properties":{"id":"","property":"Swine"},"geometry":{"type":"Point","coordinates":[-79.0622,36.3183]}},{"type":"Feature","properties":{"id":"","property":"Swine"},"geometry":{"type":"Point","coordinates":[-79.0483,36.3233]}},{"type":"Feature","properties":{"id":"","property":"Swine"},"geometry":{"type":"Point","coordinates":[-79.0194,36.2672]}},{"type":"Feature","properties":{"id":"","property":"Swine"},"geometry":{"type":"Point","coordinates":[-77.54905,35.53999]}},{"type":"Feature","properties":{"id":"","property":"Horses"},"geometry":{"type":"Point","coordinates":[-82.0694,35.2831]}},{"type":"Feature","properties":{"id":"","property":"Cattle"},"geometry":{"type":"Point","coordinates":[-79.8136,35.7474]}},{"type":"Feature","properties":{"id":"","property":"Swine"},"geometry":{"type":"Point","coordinates":[-79.074619,34.780381]}},{"type":"Feature","properties":{"id":"","property":"Swine"},"geometry":{"type":"Point","coordinates":[-79.821325,36.421947]}},{"type":"Feature","properties":{"id":"","property":"Swine"},"geometry":{"type":"Point","coordinates":[-79.832655,36.383408]}},{"type":"Feature","properties":{"id":"","property":"Horses"},"geometry":{"type":"Point","coordinates":[-79.826246,36.276437]}},{"type":"Feature","properties":{"id":"","property":"Cattle"},"geometry":{"type":"Point","coordinates":[-80.7083,35.8083]}},{"type":"Feature","properties":{"id":"","property":"Swine"},"geometry":{"type":"Point","coordinates":[-78.533258,35.241591]}},{"type":"Feature","properties":{"id":"","property":"Swine"},"geometry":{"type":"Point","coordinates":[-78.551555,35.141827]}},{"type":"Feature","properties":{"id":"","property":"Swine"},"geometry":{"type":"Point","coordinates":[-78.247543,35.022829]}},{"type":"Feature","properties":{"id":"","property":"Swine"},"geometry":{"type":"Point","coordinates":[-78.192308,34.794447]}},{"type":"Feature","properties":{"id":"","property":"Cattle"},"geometry":{"type":"Point","coordinates":[-80.067707,36.359178]}},{"type":"Feature","properties":{"id":"","property":"Swine"},"geometry":{"type":"Point","coordinates":[-80.45,35.1083]}},{"type":"Feature","properties":{"id":"","property":"Horses"},"geometry":{"type":"Point","coordinates":[-78.6833,35.7667]}},{"type":"Feature","properties":{"id":"","property":"Cattle"},"geometry":{"type":"Point","coordinates":[-78.2086,36.5361]}},{"type":"Feature","properties":{"id":"","property":"Swine"},"geometry":{"type":"Point","coordinates":[-77.8611,35.4244]}},{"type":"Feature","properties":{"id":"","property":"Swine"},"geometry":{"type":"Point","coordinates":[-77.9231,35.5161]}},{"type":"Feature","properties":{"id":"","property":"Swine"},"geometry":{"type":"Point","coordinates":[-77.9231,35.5161]}},{"type":"Feature","properties":{"id":"","property":"Swine"},"geometry":{"type":"Point","coordinates":[-78.1931,35.3283]}},{"type":"Feature","properties":{"id":"","property":"Swine"},"geometry":{"type":"Point","coordinates":[-78.049153,35.382358]}},{"type":"Feature","properties":{"id":"","property":"Swine"},"geometry":{"type":"Point","coordinates":[-78.098348,35.230148]}},{"type":"Feature","properties":{"id":"","property":"Swine"},"geometry":{"type":"Point","coordinates":[-78.098348,35.230148]}},{"type":"Feature","properties":{"id":"","property":"Cattle"},"geometry":{"type":"Point","coordinates":[-80.908521,36.213745]}},{"type":"Feature","properties":{"id":"","property":"Swine"},"geometry":{"type":"Point","coordinates":[-80.7083,36.1667]}},{"type":"Feature","properties":{"id":"","property":"Wet Poultry"},"geometry":{"type":"Point","coordinates":[-77.4514,36.3014]}},{"type":"Feature","properties":{"id":"","property":"Wet Poultry"},"geometry":{"type":"Point","coordinates":[-76.525,35.6417]}},{"type":"Feature","properties":{"id":"","property":"Wet Poultry"},"geometry":{"type":"Point","coordinates":[-76.525,35.6417]}},{"type":"Feature","properties":{"id":"","property":"Wet Poultry"},"geometry":{"type":"Point","coordinates":[-77.9444,36.1164]}},{"type":"Feature","properties":{"id":"","property":"Wet Poultry"},"geometry":{"type":"Point","coordinates":[-77.9778,36.0228]}},{"type":"Feature","properties":{"id":"","property":"Wet Poultry"},"geometry":{"type":"Point","coordinates":[-78.1236,36.0044]}},{"type":"Feature","properties":{"id":"","property":"Wet Poultry"},"geometry":{"type":"Point","coordinates":[-77.9889,36.0033]}},{"type":"Feature","properties":{"id":"","property":"Wet Poultry"},"geometry":{"type":"Point","coordinates":[-80.419556,35.127575]}},{"type":"Feature","properties":{"id":"","property":"Swine"},"geometry":{"type":"Point","coordinates":[-79.292816,35.892356]}},{"type":"Feature","properties":{"id":"","property":"Swine"},"geometry":{"type":"Point","coordinates":[-80.062561,35.050361]}},{"type":"Feature","properties":{"id":"","property":"Swine"},"geometry":{"type":"Point","coordinates":[-80.10178,34.845508]}},{"type":"Feature","properties":{"id":"","property":"Swine"},"geometry":{"type":"Point","coordinates":[-80.11625,35.156219]}},{"type":"Feature","properties":{"id":"","property":"Swine"},"geometry":{"type":"Point","coordinates":[-80.024744,34.863761]}},{"type":"Feature","properties":{"id":"","property":"Swine"},"geometry":{"type":"Point","coordinates":[-80.063219,35.039052]}},{"type":"Feature","properties":{"id":"","property":"Swine"},"geometry":{"type":"Point","coordinates":[-80.135271,35.134406]}},{"type":"Feature","properties":{"id":"","property":"Swine"},"geometry":{"type":"Point","coordinates":[-80.135271,35.134406]}},{"type":"Feature","properties":{"id":"","property":"Swine"},"geometry":{"type":"Point","coordinates":[-80.135271,35.134406]}},{"type":"Feature","properties":{"id":"","property":"Swine"},"geometry":{"type":"Point","coordinates":[-80.135271,35.134406]}},{"type":"Feature","properties":{"id":"","property":"Swine"},"geometry":{"type":"Point","coordinates":[-80.047794,34.908397]}},{"type":"Feature","properties":{"id":"","property":"Swine"},"geometry":{"type":"Point","coordinates":[-80.25553,34.815238]}},{"type":"Feature","properties":{"id":"","property":"Swine"},"geometry":{"type":"Point","coordinates":[-80.295013,34.822255]}},{"type":"Feature","properties":{"id":"","property":"Swine"},"geometry":{"type":"Point","coordinates":[-80.066391,34.853097]}},{"type":"Feature","properties":{"id":"","property":"Swine"},"geometry":{"type":"Point","coordinates":[-76.6885,35.5884]}},{"type":"Feature","properties":{"id":"","property":"Swine"},"geometry":{"type":"Point","coordinates":[-77.1323,35.4926]}},{"type":"Feature","properties":{"id":"","property":"Swine"},"geometry":{"type":"Point","coordinates":[-76.7136,35.6193]}},{"type":"Feature","properties":{"id":"","property":"Swine"},"geometry":{"type":"Point","coordinates":[-76.7136,35.6193]}},{"type":"Feature","properties":{"id":"","property":"Swine"},"geometry":{"type":"Point","coordinates":[-77.12842,35.44314]}},{"type":"Feature","properties":{"id":"","property":"Swine"},"geometry":{"type":"Point","coordinates":[-77.12842,35.44314]}},{"type":"Feature","properties":{"id":"","property":"Swine"},"geometry":{"type":"Point","coordinates":[-76.9392,35.3141]}},{"type":"Feature","properties":{"id":"","property":"Swine"},"geometry":{"type":"Point","coordinates":[-77.112694,35.384529]}},{"type":"Feature","properties":{"id":"","property":"Swine"},"geometry":{"type":"Point","coordinates":[-77.0333,35.425]}},{"type":"Feature","properties":{"id":"","property":"Swine"},"geometry":{"type":"Point","coordinates":[-76.6133,35.58]}},{"type":"Feature","properties":{"id":"","property":"Swine"},"geometry":{"type":"Point","coordinates":[-76.6392,35.6401]}},{"type":"Feature","properties":{"id":"","property":"Swine"},"geometry":{"type":"Point","coordinates":[-76.6518,35.6666]}},{"type":"Feature","properties":{"id":"","property":"Swine"},"geometry":{"type":"Point","coordinates":[-77.026692,36.078623]}},{"type":"Feature","properties":{"id":"","property":"Swine"},"geometry":{"type":"Point","coordinates":[-77.248554,36.183408]}},{"type":"Feature","properties":{"id":"","property":"Swine"},"geometry":{"type":"Point","coordinates":[-77.175,36.2417]}},{"type":"Feature","properties":{"id":"","property":"Swine"},"geometry":{"type":"Point","coordinates":[-77.06,36.1433]}},{"type":"Feature","properties":{"id":"","property":"Swine"},"geometry":{"type":"Point","coordinates":[-77.1403,35.9903]}},{"type":"Feature","properties":{"id":"","property":"Swine"},"geometry":{"type":"Point","coordinates":[-78.418533,34.547038]}},{"type":"Feature","properties":{"id":"","property":"Swine"},"geometry":{"type":"Point","coordinates":[-78.674275,34.759775]}},{"type":"Feature","properties":{"id":"","property":"Swine"},"geometry":{"type":"Point","coordinates":[-78.674275,34.759775]}},{"type":"Feature","properties":{"id":"","property":"Swine"},"geometry":{"type":"Point","coordinates":[-78.674275,34.759775]}},{"type":"Feature","properties":{"id":"","property":"Swine"},"geometry":{"type":"Point","coordinates":[-78.853822,34.490183]}},{"type":"Feature","properties":{"id":"","property":"Swine"},"geometry":{"type":"Point","coordinates":[-78.463441,34.540152]}},{"type":"Feature","properties":{"id":"","property":"Swine"},"geometry":{"type":"Point","coordinates":[-78.474922,34.524486]}},{"type":"Feature","properties":{"id":"","property":"Swine"},"geometry":{"type":"Point","coordinates":[-78.589936,34.766825]}},{"type":"Feature","properties":{"id":"","property":"Swine"},"geometry":{"type":"Point","coordinates":[-78.823058,34.745353]}},{"type":"Feature","properties":{"id":"","property":"Swine"},"geometry":{"type":"Point","coordinates":[-78.560475,34.504702]}},{"type":"Feature","properties":{"id":"","property":"Swine"},"geometry":{"type":"Point","coordinates":[-78.804752,34.5987]}},{"type":"Feature","properties":{"id":"","property":"Swine"},"geometry":{"type":"Point","coordinates":[-78.701378,34.628554]}},{"type":"Feature","properties":{"id":"","property":"Swine"},"geometry":{"type":"Point","coordinates":[-78.684031,34.627591]}},{"type":"Feature","properties":{"id":"","property":"Swine"},"geometry":{"type":"Point","coordinates":[-78.52475,34.547022]}},{"type":"Feature","properties":{"id":"","property":"Swine"},"geometry":{"type":"Point","coordinates":[-78.783216,34.813525]}},{"type":"Feature","properties":{"id":"","property":"Swine"},"geometry":{"type":"Point","coordinates":[-78.617444,34.804352]}},{"type":"Feature","properties":{"id":"","property":"Swine"},"geometry":{"type":"Point","coordinates":[-78.511397,34.508394]}},{"type":"Feature","properties":{"id":"","property":"Swine"},"geometry":{"type":"Point","coordinates":[-78.659222,34.567438]}},{"type":"Feature","properties":{"id":"","property":"Swine"},"geometry":{"type":"Point","coordinates":[-78.580908,34.757525]}},{"type":"Feature","properties":{"id":"","property":"Swine"},"geometry":{"type":"Point","coordinates":[-78.717575,34.47858]}},{"type":"Feature","properties":{"id":"","property":"Swine"},"geometry":{"type":"Point","coordinates":[-78.717575,34.47858]}},{"type":"Feature","properties":{"id":"","property":"Swine"},"geometry":{"type":"Point","coordinates":[-78.737366,34.756975]}},{"type":"Feature","properties":{"id":"","property":"Swine"},"geometry":{"type":"Point","coordinates":[-78.737366,34.756975]}},{"type":"Feature","properties":{"id":"","property":"Swine"},"geometry":{"type":"Point","coordinates":[-78.737366,34.756975]}},{"type":"Feature","properties":{"id":"","property":"Swine"},"geometry":{"type":"Point","coordinates":[-78.528377,34.504788]}},{"type":"Feature","properties":{"id":"","property":"Swine"},"geometry":{"type":"Point","coordinates":[-78.546091,34.578625]}},{"type":"Feature","properties":{"id":"","property":"Swine"},"geometry":{"type":"Point","coordinates":[-78.632269,34.5243]}},{"type":"Feature","properties":{"id":"","property":"Swine"},"geometry":{"type":"Point","coordinates":[-78.8039,34.563122]}},{"type":"Feature","properties":{"id":"","property":"Swine"},"geometry":{"type":"Point","coordinates":[-78.394941,34.718408]}},{"type":"Feature","properties":{"id":"","property":"Swine"},"geometry":{"type":"Point","coordinates":[-78.817327,34.589905]}},{"type":"Feature","properties":{"id":"","property":"Swine"},"geometry":{"type":"Point","coordinates":[-78.541336,34.498938]}},{"type":"Feature","properties":{"id":"","property":"Swine"},"geometry":{"type":"Point","coordinates":[-78.541336,34.498938]}},{"type":"Feature","properties":{"id":"","property":"Swine"},"geometry":{"type":"Point","coordinates":[-78.541336,34.498938]}},{"type":"Feature","properties":{"id":"","property":"Swine"},"geometry":{"type":"Point","coordinates":[-78.351747,34.621263]}},{"type":"Feature","properties":{"id":"","property":"Swine"},"geometry":{"type":"Point","coordinates":[-78.351747,34.621263]}},{"type":"Feature","properties":{"id":"","property":"Swine"},"geometry":{"type":"Point","coordinates":[-78.351747,34.621263]}},{"type":"Feature","properties":{"id":"","property":"Swine"},"geometry":{"type":"Point","coordinates":[-78.537608,34.487741]}},{"type":"Feature","properties":{"id":"","property":"Swine"},"geometry":{"type":"Point","coordinates":[-78.381755,34.421113]}},{"type":"Feature","properties":{"id":"","property":"Swine"},"geometry":{"type":"Point","coordinates":[-78.402516,34.724577]}},{"type":"Feature","properties":{"id":"","property":"Swine"},"geometry":{"type":"Point","coordinates":[-78.681386,34.590297]}},{"type":"Feature","properties":{"id":"","property":"Swine"},"geometry":{"type":"Point","coordinates":[-78.674444,34.585325]}},{"type":"Feature","properties":{"id":"","property":"Swine"},"geometry":{"type":"Point","coordinates":[-78.578311,34.559986]}},{"type":"Feature","properties":{"id":"","property":"Swine"},"geometry":{"type":"Point","coordinates":[-78.42523,34.752336]}},{"type":"Feature","properties":{"id":"","property":"Swine"},"geometry":{"type":"Point","coordinates":[-78.692661,34.565158]}},{"type":"Feature","properties":{"id":"","property":"Swine"},"geometry":{"type":"Point","coordinates":[-78.642211,34.684291]}},{"type":"Feature","properties":{"id":"","property":"Swine"},"geometry":{"type":"Point","coordinates":[-78.645408,34.689216]}},{"type":"Feature","properties":{"id":"","property":"Swine"},"geometry":{"type":"Point","coordinates":[-78.600136,34.741797]}},{"type":"Feature","properties":{"id":"","property":"Swine"},"geometry":{"type":"Point","coordinates":[-78.674541,34.589255]}},{"type":"Feature","properties":{"id":"","property":"Swine"},"geometry":{"type":"Point","coordinates":[-78.666391,34.589561]}},{"type":"Feature","properties":{"id":"","property":"Swine"},"geometry":{"type":"Point","coordinates":[-78.718444,34.739644]}},{"type":"Feature","properties":{"id":"","property":"Swine"},"geometry":{"type":"Point","coordinates":[-78.661641,34.674616]}},{"type":"Feature","properties":{"id":"","property":"Swine"},"geometry":{"type":"Point","coordinates":[-78.466488,34.805708]}},{"type":"Feature","properties":{"id":"","property":"Swine"},"geometry":{"type":"Point","coordinates":[-78.483794,34.80643]}},{"type":"Feature","properties":{"id":"","property":"Swine"},"geometry":{"type":"Point","coordinates":[-78.820008,34.708602]}},{"type":"Feature","properties":{"id":"","property":"Swine"},"geometry":{"type":"Point","coordinates":[-78.58683,34.542238]}},{"type":"Feature","properties":{"id":"","property":"Swine"},"geometry":{"type":"Point","coordinates":[-78.689677,34.599005]}},{"type":"Feature","properties":{"id":"","property":"Swine"},"geometry":{"type":"Point","coordinates":[-78.497697,34.776102]}},{"type":"Feature","properties":{"id":"","property":"Swine"},"geometry":{"type":"Point","coordinates":[-78.518522,34.50985]}},{"type":"Feature","properties":{"id":"","property":"Swine"},"geometry":{"type":"Point","coordinates":[-78.781591,34.481241]}},{"type":"Feature","properties":{"id":"","property":"Swine"},"geometry":{"type":"Point","coordinates":[-78.442336,34.749941]}},{"type":"Feature","properties":{"id":"","property":"Swine"},"geometry":{"type":"Point","coordinates":[-78.846613,34.751663]}},{"type":"Feature","properties":{"id":"","property":"Swine"},"geometry":{"type":"Point","coordinates":[-78.495,34.557777]}},{"type":"Feature","properties":{"id":"","property":"Swine"},"geometry":{"type":"Point","coordinates":[-78.723167,34.59211]}},{"type":"Feature","properties":{"id":"","property":"Swine"},"geometry":{"type":"Point","coordinates":[-78.578705,34.540516]}},{"type":"Feature","properties":{"id":"","property":"Swine"},"geometry":{"type":"Point","coordinates":[-78.588786,34.764194]}},{"type":"Feature","properties":{"id":"","property":"Swine"},"geometry":{"type":"Point","coordinates":[-78.4903,34.531375]}},{"type":"Feature","properties":{"id":"","property":"Swine"},"geometry":{"type":"Point","coordinates":[-78.562633,34.686044]}},{"type":"Feature","properties":{"id":"","property":"Swine"},"geometry":{"type":"Point","coordinates":[-78.603244,34.482519]}},{"type":"Feature","properties":{"id":"","property":"Swine"},"geometry":{"type":"Point","coordinates":[-78.673569,34.73215]}},{"type":"Feature","properties":{"id":"","property":"Swine"},"geometry":{"type":"Point","coordinates":[-78.717411,34.623241]}},{"type":"Feature","properties":{"id":"","property":"Swine"},"geometry":{"type":"Point","coordinates":[-78.784527,34.614791]}},{"type":"Feature","properties":{"id":"","property":"Swine"},"geometry":{"type":"Point","coordinates":[-78.601772,34.7657]}},{"type":"Feature","properties":{"id":"","property":"Swine"},"geometry":{"type":"Point","coordinates":[-78.610302,34.494388]}},{"type":"Feature","properties":{"id":"","property":"Swine"},"geometry":{"type":"Point","coordinates":[-78.478605,34.500308]}},{"type":"Feature","properties":{"id":"","property":"Swine"},"geometry":{"type":"Point","coordinates":[-78.551375,34.682527]}},{"type":"Feature","properties":{"id":"","property":"Swine"},"geometry":{"type":"Point","coordinates":[-78.507916,34.836377]}},{"type":"Feature","properties":{"id":"","property":"Swine"},"geometry":{"type":"Point","coordinates":[-78.507916,34.836377]}},{"type":"Feature","properties":{"id":"","property":"Swine"},"geometry":{"type":"Point","coordinates":[-78.507916,34.836377]}},{"type":"Feature","properties":{"id":"","property":"Swine"},"geometry":{"type":"Point","coordinates":[-78.610177,34.836594]}},{"type":"Feature","properties":{"id":"","property":"Swine"},"geometry":{"type":"Point","coordinates":[-78.639463,34.580919]}},{"type":"Feature","properties":{"id":"","property":"Swine"},"geometry":{"type":"Point","coordinates":[-78.548255,34.476322]}},{"type":"Feature","properties":{"id":"","property":"Swine"},"geometry":{"type":"Point","coordinates":[-78.589105,34.565355]}},{"type":"Feature","properties":{"id":"","property":"Swine"},"geometry":{"type":"Point","coordinates":[-78.481497,34.760661]}},{"type":"Feature","properties":{"id":"","property":"Swine"},"geometry":{"type":"Point","coordinates":[-78.543247,34.797758]}},{"type":"Feature","properties":{"id":"","property":"Swine"},"geometry":{"type":"Point","coordinates":[-78.805961,34.816858]}},{"type":"Feature","properties":{"id":"","property":"Swine"},"geometry":{"type":"Point","coordinates":[-78.751577,34.510091]}},{"type":"Feature","properties":{"id":"","property":"Swine"},"geometry":{"type":"Point","coordinates":[-78.616397,34.520541]}},{"type":"Feature","properties":{"id":"","property":"Swine"},"geometry":{"type":"Point","coordinates":[-78.792986,34.688483]}},{"type":"Feature","properties":{"id":"","property":"Swine"},"geometry":{"type":"Point","coordinates":[-78.433408,34.761508]}},{"type":"Feature","properties":{"id":"","property":"Swine"},"geometry":{"type":"Point","coordinates":[-78.709472,34.580766]}},{"type":"Feature","properties":{"id":"","property":"Swine"},"geometry":{"type":"Point","coordinates":[-78.587997,34.559705]}},{"type":"Feature","properties":{"id":"","property":"Swine"},"geometry":{"type":"Point","coordinates":[-78.528186,34.497027]}},{"type":"Feature","properties":{"id":"","property":"Swine"},"geometry":{"type":"Point","coordinates":[-78.684583,34.594805]}},{"type":"Feature","properties":{"id":"","property":"Swine"},"geometry":{"type":"Point","coordinates":[-78.772841,34.496205]}},{"type":"Feature","properties":{"id":"","property":"Swine"},"geometry":{"type":"Point","coordinates":[-78.593002,34.469572]}},{"type":"Feature","properties":{"id":"","property":"Swine"},"geometry":{"type":"Point","coordinates":[-78.689033,34.637158]}},{"type":"Feature","properties":{"id":"","property":"Swine"},"geometry":{"type":"Point","coordinates":[-78.714852,34.551694]}},{"type":"Feature","properties":{"id":"","property":"Swine"},"geometry":{"type":"Point","coordinates":[-78.720022,34.547691]}},{"type":"Feature","properties":{"id":"","property":"Swine"},"geometry":{"type":"Point","coordinates":[-78.786366,34.847997]}},{"type":"Feature","properties":{"id":"","property":"Swine"},"geometry":{"type":"Point","coordinates":[-78.56143,34.592744]}},{"type":"Feature","properties":{"id":"","property":"Swine"},"geometry":{"type":"Point","coordinates":[-78.614869,34.582997]}},{"type":"Feature","properties":{"id":"","property":"Swine"},"geometry":{"type":"Point","coordinates":[-78.591427,34.5169]}},{"type":"Feature","properties":{"id":"","property":"Swine"},"geometry":{"type":"Point","coordinates":[-78.804083,34.57973]}},{"type":"Feature","properties":{"id":"","property":"Swine"},"geometry":{"type":"Point","coordinates":[-78.646513,34.846472]}},{"type":"Feature","properties":{"id":"","property":"Swine"},"geometry":{"type":"Point","coordinates":[-78.801905,34.716725]}},{"type":"Feature","properties":{"id":"","property":"Swine"},"geometry":{"type":"Point","coordinates":[-78.568391,34.837275]}},{"type":"Feature","properties":{"id":"","property":"Swine"},"geometry":{"type":"Point","coordinates":[-78.798319,34.591611]}},{"type":"Feature","properties":{"id":"","property":"Swine"},"geometry":{"type":"Point","coordinates":[-78.366355,34.679069]}},{"type":"Feature","properties":{"id":"","property":"Swine"},"geometry":{"type":"Point","coordinates":[-78.82878,34.539161]}},{"type":"Feature","properties":{"id":"","property":"Swine"},"geometry":{"type":"Point","coordinates":[-78.82878,34.539161]}},{"type":"Feature","properties":{"id":"","property":"Swine"},"geometry":{"type":"Point","coordinates":[-78.488958,34.81983]}},{"type":"Feature","properties":{"id":"","property":"Swine"},"geometry":{"type":"Point","coordinates":[-78.550633,34.471969]}},{"type":"Feature","properties":{"id":"","property":"Swine"},"geometry":{"type":"Point","coordinates":[-78.462661,34.719841]}},{"type":"Feature","properties":{"id":"","property":"Swine"},"geometry":{"type":"Point","coordinates":[-78.480377,34.756116]}},{"type":"Feature","properties":{"id":"","property":"Swine"},"geometry":{"type":"Point","coordinates":[-78.792986,34.647688]}},{"type":"Feature","properties":{"id":"","property":"Swine"},"geometry":{"type":"Point","coordinates":[-78.582388,34.498733]}},{"type":"Feature","properties":{"id":"","property":"Swine"},"geometry":{"type":"Point","coordinates":[-78.582388,34.498733]}},{"type":"Feature","properties":{"id":"","property":"Swine"},"geometry":{"type":"Point","coordinates":[-78.582388,34.498733]}},{"type":"Feature","properties":{"id":"","property":"Swine"},"geometry":{"type":"Point","coordinates":[-78.582388,34.498733]}},{"type":"Feature","properties":{"id":"","property":"Swine"},"geometry":{"type":"Point","coordinates":[-78.600058,34.456047]}},{"type":"Feature","properties":{"id":"","property":"Swine"},"geometry":{"type":"Point","coordinates":[-78.562763,34.800433]}},{"type":"Feature","properties":{"id":"","property":"Swine"},"geometry":{"type":"Point","coordinates":[-78.572236,34.48728]}},{"type":"Feature","properties":{"id":"","property":"Swine"},"geometry":{"type":"Point","coordinates":[-78.544711,34.819191]}},{"type":"Feature","properties":{"id":"","property":"Swine"},"geometry":{"type":"Point","coordinates":[-78.544711,34.819191]}},{"type":"Feature","properties":{"id":"","property":"Swine"},"geometry":{"type":"Point","coordinates":[-78.544711,34.819191]}},{"type":"Feature","properties":{"id":"","property":"Swine"},"geometry":{"type":"Point","coordinates":[-78.531,34.838905]}},{"type":"Feature","properties":{"id":"","property":"Swine"},"geometry":{"type":"Point","coordinates":[-78.501877,34.82]}},{"type":"Feature","properties":{"id":"","property":"Swine"},"geometry":{"type":"Point","coordinates":[-78.592686,34.791302]}},{"type":"Feature","properties":{"id":"","property":"Swine"},"geometry":{"type":"Point","coordinates":[-78.599241,34.58393]}},{"type":"Feature","properties":{"id":"","property":"Swine"},"geometry":{"type":"Point","coordinates":[-78.576869,34.53188]}},{"type":"Feature","properties":{"id":"","property":"Swine"},"geometry":{"type":"Point","coordinates":[-78.721272,34.8024]}},{"type":"Feature","properties":{"id":"","property":"Swine"},"geometry":{"type":"Point","coordinates":[-78.800216,34.809475]}},{"type":"Feature","properties":{"id":"","property":"Swine"},"geometry":{"type":"Point","coordinates":[-78.826547,34.748273]}},{"type":"Feature","properties":{"id":"","property":"Swine"},"geometry":{"type":"Point","coordinates":[-78.5225,34.1108]}},{"type":"Feature","properties":{"id":"","property":"Swine"},"geometry":{"type":"Point","coordinates":[-78.2083,34.0669]}},{"type":"Feature","properties":{"id":"","property":"Swine"},"geometry":{"type":"Point","coordinates":[-78.2133,34.0647]}},{"type":"Feature","properties":{"id":"","property":"Swine"},"geometry":{"type":"Point","coordinates":[-78.145053,34.100234]}},{"type":"Feature","properties":{"id":"","property":"Swine"},"geometry":{"type":"Point","coordinates":[-78.1139,34.1208]}},{"type":"Feature","properties":{"id":"","property":"Swine"},"geometry":{"type":"Point","coordinates":[-78.5067,34.1358]}},{"type":"Feature","properties":{"id":"","property":"Swine"},"geometry":{"type":"Point","coordinates":[-78.4972,33.9667]}},{"type":"Feature","properties":{"id":"","property":"Swine"},"geometry":{"type":"Point","coordinates":[-78.423885,34.123956]}},{"type":"Feature","properties":{"id":"","property":"Swine"},"geometry":{"type":"Point","coordinates":[-78.511167,34.139614]}},{"type":"Feature","properties":{"id":"","property":"Swine"},"geometry":{"type":"Point","coordinates":[-78.099255,34.112711]}},{"type":"Feature","properties":{"id":"","property":"Swine"},"geometry":{"type":"Point","coordinates":[-78.151852,34.097063]}},{"type":"Feature","properties":{"id":"","property":"Swine"},"geometry":{"type":"Point","coordinates":[-78.026376,34.112864]}},{"type":"Feature","properties":{"id":"","property":"Swine"},"geometry":{"type":"Point","coordinates":[-78.026376,34.112864]}},{"type":"Feature","properties":{"id":"","property":"Swine"},"geometry":{"type":"Point","coordinates":[-78.429807,34.119927]}},{"type":"Feature","properties":{"id":"","property":"Swine"},"geometry":{"type":"Point","coordinates":[-80.443381,35.353254]}},{"type":"Feature","properties":{"id":"","property":"Swine"},"geometry":{"type":"Point","coordinates":[-81.3586,35.82]}},{"type":"Feature","properties":{"id":"","property":"Swine"},"geometry":{"type":"Point","coordinates":[-79.507114,35.628716]}},{"type":"Feature","properties":{"id":"","property":"Swine"},"geometry":{"type":"Point","coordinates":[-79.5319,35.6053]}},{"type":"Feature","properties":{"id":"","property":"Swine"},"geometry":{"type":"Point","coordinates":[-79.4,35.6833]}},{"type":"Feature","properties":{"id":"","property":"Swine"},"geometry":{"type":"Point","coordinates":[-76.6164,36.2278]}},{"type":"Feature","properties":{"id":"","property":"Swine"},"geometry":{"type":"Point","coordinates":[-76.5708,36.3261]}},{"type":"Feature","properties":{"id":"","property":"Swine"},"geometry":{"type":"Point","coordinates":[-76.6756,36.2153]}},{"type":"Feature","properties":{"id":"","property":"Cattle"},"geometry":{"type":"Point","coordinates":[-76.6325,36.1225]}},{"type":"Feature","properties":{"id":"","property":"Swine"},"geometry":{"type":"Point","coordinates":[-76.6325,36.1225]}},{"type":"Feature","properties":{"id":"","property":"Swine"},"geometry":{"type":"Point","coordinates":[-76.5833,36.2603]}},{"type":"Feature","properties":{"id":"","property":"Swine"},"geometry":{"type":"Point","coordinates":[-76.6056,36.2819]}},{"type":"Feature","properties":{"id":"","property":"Swine"},"geometry":{"type":"Point","coordinates":[-76.6056,36.2819]}},{"type":"Feature","properties":{"id":"","property":"Swine"},"geometry":{"type":"Point","coordinates":[-76.6056,36.2819]}},{"type":"Feature","properties":{"id":"","property":"Swine"},"geometry":{"type":"Point","coordinates":[-78.696219,34.416596]}},{"type":"Feature","properties":{"id":"","property":"Swine"},"geometry":{"type":"Point","coordinates":[-78.696219,34.416596]}},{"type":"Feature","properties":{"id":"","property":"Swine"},"geometry":{"type":"Point","coordinates":[-78.784544,34.36898]}},{"type":"Feature","properties":{"id":"","property":"Swine"},"geometry":{"type":"Point","coordinates":[-78.73442,34.365582]}},{"type":"Feature","properties":{"id":"","property":"Swine"},"geometry":{"type":"Point","coordinates":[-78.776293,34.355994]}},{"type":"Feature","properties":{"id":"","property":"Swine"},"geometry":{"type":"Point","coordinates":[-78.3811,34.2611]}},{"type":"Feature","properties":{"id":"","property":"Swine"},"geometry":{"type":"Point","coordinates":[-78.682148,34.057864]}},{"type":"Feature","properties":{"id":"","property":"Swine"},"geometry":{"type":"Point","coordinates":[-78.880683,34.385092]}},{"type":"Feature","properties":{"id":"","property":"Swine"},"geometry":{"type":"Point","coordinates":[-78.3806,34.2433]}},{"type":"Feature","properties":{"id":"","property":"Swine"},"geometry":{"type":"Point","coordinates":[-78.71234,34.437778]}},{"type":"Feature","properties":{"id":"","property":"Swine"},"geometry":{"type":"Point","coordinates":[-78.8928,34.4567]}},{"type":"Feature","properties":{"id":"","property":"Swine"},"geometry":{"type":"Point","coordinates":[-78.643074,34.436037]}},{"type":"Feature","properties":{"id":"","property":"Swine"},"geometry":{"type":"Point","coordinates":[-78.675283,34.03018]}},{"type":"Feature","properties":{"id":"","property":"Swine"},"geometry":{"type":"Point","coordinates":[-78.675283,34.03018]}},{"type":"Feature","properties":{"id":"","property":"Swine"},"geometry":{"type":"Point","coordinates":[-78.675283,34.03018]}},{"type":"Feature","properties":{"id":"","property":"Swine"},"geometry":{"type":"Point","coordinates":[-78.2939,34.3806]}},{"type":"Feature","properties":{"id":"","property":"Swine"},"geometry":{"type":"Point","coordinates":[-78.806501,34.122407]}},{"type":"Feature","properties":{"id":"","property":"Swine"},"geometry":{"type":"Point","coordinates":[-78.439226,34.332374]}},{"type":"Feature","properties":{"id":"","property":"Swine"},"geometry":{"type":"Point","coordinates":[-78.7678,34.4306]}},{"type":"Feature","properties":{"id":"","property":"Swine"},"geometry":{"type":"Point","coordinates":[-78.888122,34.341902]}},{"type":"Feature","properties":{"id":"","property":"Swine"},"geometry":{"type":"Point","coordinates":[-78.7958,34.1903]}},{"type":"Feature","properties":{"id":"","property":"Swine"},"geometry":{"type":"Point","coordinates":[-78.6147,34.3578]}},{"type":"Feature","properties":{"id":"","property":"Swine"},"geometry":{"type":"Point","coordinates":[-78.736636,34.446793]}},{"type":"Feature","properties":{"id":"","property":"Swine"},"geometry":{"type":"Point","coordinates":[-78.9658,34.2931]}},{"type":"Feature","properties":{"id":"","property":"Swine"},"geometry":{"type":"Point","coordinates":[-78.8656,34.4217]}},{"type":"Feature","properties":{"id":"","property":"Swine"},"geometry":{"type":"Point","coordinates":[-78.987051,34.273561]}},{"type":"Feature","properties":{"id":"","property":"Swine"},"geometry":{"type":"Point","coordinates":[-78.9767,34.336367]}},{"type":"Feature","properties":{"id":"","property":"Swine"},"geometry":{"type":"Point","coordinates":[-78.911498,34.454975]}},{"type":"Feature","properties":{"id":"","property":"Swine"},"geometry":{"type":"Point","coordinates":[-79.020233,34.272109]}},{"type":"Feature","properties":{"id":"","property":"Swine"},"geometry":{"type":"Point","coordinates":[-78.7244,34.0078]}},{"type":"Feature","properties":{"id":"","property":"Swine"},"geometry":{"type":"Point","coordinates":[-78.786108,34.183792]}},{"type":"Feature","properties":{"id":"","property":"Swine"},"geometry":{"type":"Point","coordinates":[-78.786108,34.183792]}},{"type":"Feature","properties":{"id":"","property":"Swine"},"geometry":{"type":"Point","coordinates":[-78.926411,34.264575]}},{"type":"Feature","properties":{"id":"","property":"Swine"},"geometry":{"type":"Point","coordinates":[-78.885885,34.460273]}},{"type":"Feature","properties":{"id":"","property":"Swine"},"geometry":{"type":"Point","coordinates":[-78.8433,34.3633]}},{"type":"Feature","properties":{"id":"","property":"Swine"},"geometry":{"type":"Point","coordinates":[-78.935247,34.408439]}},{"type":"Feature","properties":{"id":"","property":"Swine"},"geometry":{"type":"Point","coordinates":[-78.8618,34.3944]}},{"type":"Feature","properties":{"id":"","property":"Swine"},"geometry":{"type":"Point","coordinates":[-78.52865,34.167964]}},{"type":"Feature","properties":{"id":"","property":"Swine"},"geometry":{"type":"Point","coordinates":[-78.865575,34.246179]}},{"type":"Feature","properties":{"id":"","property":"Swine"},"geometry":{"type":"Point","coordinates":[-78.652093,34.150954]}},{"type":"Feature","properties":{"id":"","property":"Swine"},"geometry":{"type":"Point","coordinates":[-78.757544,34.454919]}},{"type":"Feature","properties":{"id":"","property":"Swine"},"geometry":{"type":"Point","coordinates":[-78.5961,34.3842]}},{"type":"Feature","properties":{"id":"","property":"Swine"},"geometry":{"type":"Point","coordinates":[-78.6478,34.4431]}},{"type":"Feature","properties":{"id":"","property":"Swine"},"geometry":{"type":"Point","coordinates":[-78.845468,34.416765]}},{"type":"Feature","properties":{"id":"","property":"Swine"},"geometry":{"type":"Point","coordinates":[-78.7492,34.1111]}},{"type":"Feature","properties":{"id":"","property":"Swine"},"geometry":{"type":"Point","coordinates":[-78.889387,34.423411]}},{"type":"Feature","properties":{"id":"","property":"Swine"},"geometry":{"type":"Point","coordinates":[-78.844781,34.251502]}},{"type":"Feature","properties":{"id":"","property":"Swine"},"geometry":{"type":"Point","coordinates":[-78.839341,34.458129]}},{"type":"Feature","properties":{"id":"","property":"Swine"},"geometry":{"type":"Point","coordinates":[-77.179982,35.0661]}},{"type":"Feature","properties":{"id":"","property":"Swine"},"geometry":{"type":"Point","coordinates":[-77.143749,35.3577]}},{"type":"Feature","properties":{"id":"","property":"Swine"},"geometry":{"type":"Point","coordinates":[-77.302442,35.3701]}},{"type":"Feature","properties":{"id":"","property":"Swine"},"geometry":{"type":"Point","coordinates":[-77.362753,35.2854]}},{"type":"Feature","properties":{"id":"","property":"Swine"},"geometry":{"type":"Point","coordinates":[-77.228089,35.2695]}},{"type":"Feature","properties":{"id":"","property":"Swine"},"geometry":{"type":"Point","coordinates":[-77.34356,35.1843]}},{"type":"Feature","properties":{"id":"","property":"Swine"},"geometry":{"type":"Point","coordinates":[-77.33245,35.2722]}},{"type":"Feature","properties":{"id":"","property":"Swine"},"geometry":{"type":"Point","coordinates":[-77.233566,35.3139]}},{"type":"Feature","properties":{"id":"","property":"Swine"},"geometry":{"type":"Point","coordinates":[-77.233566,35.3139]}},{"type":"Feature","properties":{"id":"","property":"Swine"},"geometry":{"type":"Point","coordinates":[-77.233566,35.3139]}},{"type":"Feature","properties":{"id":"","property":"Swine"},"geometry":{"type":"Point","coordinates":[-77.003442,35.2139]}},{"type":"Feature","properties":{"id":"","property":"Swine"},"geometry":{"type":"Point","coordinates":[-77.1617,35.2544]}},{"type":"Feature","properties":{"id":"","property":"Swine"},"geometry":{"type":"Point","coordinates":[-77.360839,35.3203]}},{"type":"Feature","properties":{"id":"","property":"Swine"},"geometry":{"type":"Point","coordinates":[-77.283879,35.2412]}},{"type":"Feature","properties":{"id":"","property":"Swine"},"geometry":{"type":"Point","coordinates":[-77.211008,35.1801]}},{"type":"Feature","properties":{"id":"","property":"Swine"},"geometry":{"type":"Point","coordinates":[-77.3851,35.2872]}},{"type":"Feature","properties":{"id":"","property":"Swine"},"geometry":{"type":"Point","coordinates":[-77.110108,35.3354]}},{"type":"Feature","properties":{"id":"","property":"Swine"},"geometry":{"type":"Point","coordinates":[-77.331104,35.2299]}},{"type":"Feature","properties":{"id":"","property":"Swine"},"geometry":{"type":"Point","coordinates":[-77.212528,35.2584]}},{"type":"Feature","properties":{"id":"","property":"Swine"},"geometry":{"type":"Point","coordinates":[-77.39316,35.3325]}},{"type":"Feature","properties":{"id":"","property":"Swine"},"geometry":{"type":"Point","coordinates":[-77.279012,35.3595]}},{"type":"Feature","properties":{"id":"","property":"Swine"},"geometry":{"type":"Point","coordinates":[-77.44883,35.2285]}},{"type":"Feature","properties":{"id":"","property":"Swine"},"geometry":{"type":"Point","coordinates":[-77.350714,35.3179]}},{"type":"Feature","properties":{"id":"","property":"Swine"},"geometry":{"type":"Point","coordinates":[-77.270217,35.311]}},{"type":"Feature","properties":{"id":"","property":"Swine"},"geometry":{"type":"Point","coordinates":[-77.422517,35.3163]}},{"type":"Feature","properties":{"id":"","property":"Swine"},"geometry":{"type":"Point","coordinates":[-77.292729,35.3762]}},{"type":"Feature","properties":{"id":"","property":"Swine"},"geometry":{"type":"Point","coordinates":[-77.103803,35.3661]}},{"type":"Feature","properties":{"id":"","property":"Swine"},"geometry":{"type":"Point","coordinates":[-78.547578,34.882789]}},{"type":"Feature","properties":{"id":"","property":"Swine"},"geometry":{"type":"Point","coordinates":[-78.690347,35.169856]}},{"type":"Feature","properties":{"id":"","property":"Swine"},"geometry":{"type":"Point","coordinates":[-78.713933,34.940364]}},{"type":"Feature","properties":{"id":"","property":"Swine"},"geometry":{"type":"Point","coordinates":[-78.543831,34.896675]}},{"type":"Feature","properties":{"id":"","property":"Swine"},"geometry":{"type":"Point","coordinates":[-78.555056,34.865278]}},{"type":"Feature","properties":{"id":"","property":"Swine"},"geometry":{"type":"Point","coordinates":[-78.622078,34.959472]}},{"type":"Feature","properties":{"id":"","property":"Swine"},"geometry":{"type":"Point","coordinates":[-78.697892,35.220389]}},{"type":"Feature","properties":{"id":"","property":"Swine"},"geometry":{"type":"Point","coordinates":[-78.533667,34.875289]}},{"type":"Feature","properties":{"id":"","property":"Swine"},"geometry":{"type":"Point","coordinates":[-78.803694,34.860658]}},{"type":"Feature","properties":{"id":"","property":"Swine"},"geometry":{"type":"Point","coordinates":[-78.645961,35.115792]}},{"type":"Feature","properties":{"id":"","property":"Swine"},"geometry":{"type":"Point","coordinates":[-78.543367,34.892247]}},{"type":"Feature","properties":{"id":"","property":"Swine"},"geometry":{"type":"Point","coordinates":[-78.610889,34.945008]}},{"type":"Feature","properties":{"id":"","property":"Swine"},"geometry":{"type":"Point","coordinates":[-78.677114,35.184375]}},{"type":"Feature","properties":{"id":"","property":"Swine"},"geometry":{"type":"Point","coordinates":[-78.652589,35.126086]}},{"type":"Feature","properties":{"id":"","property":"Swine"},"geometry":{"type":"Point","coordinates":[-78.554053,34.886683]}},{"type":"Feature","properties":{"id":"","property":"Swine"},"geometry":{"type":"Point","coordinates":[-78.550383,34.85195]}},{"type":"Feature","properties":{"id":"","property":"Swine"},"geometry":{"type":"Point","coordinates":[-78.606997,34.8913]}},{"type":"Feature","properties":{"id":"","property":"Swine"},"geometry":{"type":"Point","coordinates":[-78.6553,34.921656]}},{"type":"Feature","properties":{"id":"","property":"Swine"},"geometry":{"type":"Point","coordinates":[-78.6553,34.921656]}},{"type":"Feature","properties":{"id":"","property":"Swine"},"geometry":{"type":"Point","coordinates":[-78.632761,34.932667]}},{"type":"Feature","properties":{"id":"","property":"Swine"},"geometry":{"type":"Point","coordinates":[-80.0692,35.5978]}},{"type":"Feature","properties":{"id":"","property":"Swine"},"geometry":{"type":"Point","coordinates":[-78.1694,34.7806]}},{"type":"Feature","properties":{"id":"","property":"Swine"},"geometry":{"type":"Point","coordinates":[-78.0489,34.7892]}},{"type":"Feature","properties":{"id":"","property":"Swine"},"geometry":{"type":"Point","coordinates":[-77.9697,34.8522]}},{"type":"Feature","properties":{"id":"","property":"Swine"},"geometry":{"type":"Point","coordinates":[-77.75,34.8953]}},{"type":"Feature","properties":{"id":"","property":"Swine"},"geometry":{"type":"Point","coordinates":[-78.1094,34.8825]}},{"type":"Feature","properties":{"id":"","property":"Swine"},"geometry":{"type":"Point","coordinates":[-78.1597,34.8483]}},{"type":"Feature","properties":{"id":"","property":"Swine"},"geometry":{"type":"Point","coordinates":[-78.13,35.1467]}},{"type":"Feature","properties":{"id":"","property":"Swine"},"geometry":{"type":"Point","coordinates":[-77.9944,35.1461]}},{"type":"Feature","properties":{"id":"","property":"Swine"},"geometry":{"type":"Point","coordinates":[-77.9631,35.1492]}},{"type":"Feature","properties":{"id":"","property":"Swine"},"geometry":{"type":"Point","coordinates":[-77.9053,34.945]}},{"type":"Feature","properties":{"id":"","property":"Swine"},"geometry":{"type":"Point","coordinates":[-77.7522,34.87]}},{"type":"Feature","properties":{"id":"","property":"Swine"},"geometry":{"type":"Point","coordinates":[-77.7181,34.7319]}},{"type":"Feature","properties":{"id":"","property":"Swine"},"geometry":{"type":"Point","coordinates":[-77.86583,34.97497]}},{"type":"Feature","properties":{"id":"","property":"Swine"},"geometry":{"type":"Point","coordinates":[-77.925,34.9542]}},{"type":"Feature","properties":{"id":"","property":"Swine"},"geometry":{"type":"Point","coordinates":[-77.853752,35.145728]}},{"type":"Feature","properties":{"id":"","property":"Swine"},"geometry":{"type":"Point","coordinates":[-77.8003,35.0569]}},{"type":"Feature","properties":{"id":"","property":"Swine"},"geometry":{"type":"Point","coordinates":[-77.926392,34.966137]}},{"type":"Feature","properties":{"id":"","property":"Swine"},"geometry":{"type":"Point","coordinates":[-77.926392,34.966137]}},{"type":"Feature","properties":{"id":"","property":"Swine"},"geometry":{"type":"Point","coordinates":[-78.0367,34.9478]}},{"type":"Feature","properties":{"id":"","property":"Swine"},"geometry":{"type":"Point","coordinates":[-78.0533,35.0611]}},{"type":"Feature","properties":{"id":"","property":"Swine"},"geometry":{"type":"Point","coordinates":[-78.0361,35.0222]}},{"type":"Feature","properties":{"id":"","property":"Swine"},"geometry":{"type":"Point","coordinates":[-77.8194,34.8833]}},{"type":"Feature","properties":{"id":"","property":"Swine"},"geometry":{"type":"Point","coordinates":[-78.0481,34.9508]}},{"type":"Feature","properties":{"id":"","property":"Swine"},"geometry":{"type":"Point","coordinates":[-78.074718,35.023444]}},{"type":"Feature","properties":{"id":"","property":"Swine"},"geometry":{"type":"Point","coordinates":[-77.7326,34.87525]}},{"type":"Feature","properties":{"id":"","property":"Swine"},"geometry":{"type":"Point","coordinates":[-77.7444,34.8783]}},{"type":"Feature","properties":{"id":"","property":"Swine"},"geometry":{"type":"Point","coordinates":[-77.7725,34.7842]}},{"type":"Feature","properties":{"id":"","property":"Swine"},"geometry":{"type":"Point","coordinates":[-77.7867,34.7708]}},{"type":"Feature","properties":{"id":"","property":"Swine"},"geometry":{"type":"Point","coordinates":[-77.7394,34.905]}},{"type":"Feature","properties":{"id":"","property":"Swine"},"geometry":{"type":"Point","coordinates":[-78.0778,34.9111]}},{"type":"Feature","properties":{"id":"","property":"Swine"},"geometry":{"type":"Point","coordinates":[-77.8733,35.0567]}},{"type":"Feature","properties":{"id":"","property":"Swine"},"geometry":{"type":"Point","coordinates":[-77.876417,35.023619]}},{"type":"Feature","properties":{"id":"","property":"Swine"},"geometry":{"type":"Point","coordinates":[-78.0161,35.0203]}},{"type":"Feature","properties":{"id":"","property":"Swine"},"geometry":{"type":"Point","coordinates":[-78.0161,35.0203]}},{"type":"Feature","properties":{"id":"","property":"Swine"},"geometry":{"type":"Point","coordinates":[-78.0161,35.0203]}},{"type":"Feature","properties":{"id":"","property":"Swine"},"geometry":{"type":"Point","coordinates":[-77.8019,34.8739]}},{"type":"Feature","properties":{"id":"","property":"Swine"},"geometry":{"type":"Point","coordinates":[-77.8936,34.85]}},{"type":"Feature","properties":{"id":"","property":"Swine"},"geometry":{"type":"Point","coordinates":[-77.9839,35.0886]}},{"type":"Feature","properties":{"id":"","property":"Swine"},"geometry":{"type":"Point","coordinates":[-77.8378,34.9528]}},{"type":"Feature","properties":{"id":"","property":"Swine"},"geometry":{"type":"Point","coordinates":[-77.8861,35.0042]}},{"type":"Feature","properties":{"id":"","property":"Swine"},"geometry":{"type":"Point","coordinates":[-77.9408,35.0653]}},{"type":"Feature","properties":{"id":"","property":"Swine"},"geometry":{"type":"Point","coordinates":[-77.9556,34.9847]}},{"type":"Feature","properties":{"id":"","property":"Swine"},"geometry":{"type":"Point","coordinates":[-77.9514,35.0167]}},{"type":"Feature","properties":{"id":"","property":"Swine"},"geometry":{"type":"Point","coordinates":[-77.789668,35.131162]}},{"type":"Feature","properties":{"id":"","property":"Swine"},"geometry":{"type":"Point","coordinates":[-77.987866,34.916676]}},{"type":"Feature","properties":{"id":"","property":"Swine"},"geometry":{"type":"Point","coordinates":[-77.954867,34.943818]}},{"type":"Feature","properties":{"id":"","property":"Swine"},"geometry":{"type":"Point","coordinates":[-78.0708,35.1069]}},{"type":"Feature","properties":{"id":"","property":"Swine"},"geometry":{"type":"Point","coordinates":[-77.7542,34.7333]}},{"type":"Feature","properties":{"id":"","property":"Swine"},"geometry":{"type":"Point","coordinates":[-77.8236,35.1069]}},{"type":"Feature","properties":{"id":"","property":"Swine"},"geometry":{"type":"Point","coordinates":[-77.770538,35.079673]}},{"type":"Feature","properties":{"id":"","property":"Swine"},"geometry":{"type":"Point","coordinates":[-77.6956,34.8686]}},{"type":"Feature","properties":{"id":"","property":"Swine"},"geometry":{"type":"Point","coordinates":[-77.762322,35.024122]}},{"type":"Feature","properties":{"id":"","property":"Swine"},"geometry":{"type":"Point","coordinates":[-78.1025,34.9519]}},{"type":"Feature","properties":{"id":"","property":"Swine"},"geometry":{"type":"Point","coordinates":[-78.093942,34.827022]}},{"type":"Feature","properties":{"id":"","property":"Swine"},"geometry":{"type":"Point","coordinates":[-77.9492,34.8483]}},{"type":"Feature","properties":{"id":"","property":"Swine"},"geometry":{"type":"Point","coordinates":[-77.9214,34.8428]}},{"type":"Feature","properties":{"id":"","property":"Swine"},"geometry":{"type":"Point","coordinates":[-77.8403,34.7733]}},{"type":"Feature","properties":{"id":"","property":"Swine"},"geometry":{"type":"Point","coordinates":[-77.8408,34.7825]}},{"type":"Feature","properties":{"id":"","property":"Swine"},"geometry":{"type":"Point","coordinates":[-77.6833,34.7556]}},{"type":"Feature","properties":{"id":"","property":"Swine"},"geometry":{"type":"Point","coordinates":[-77.7789,35.1039]}},{"type":"Feature","properties":{"id":"","property":"Swine"},"geometry":{"type":"Point","coordinates":[-77.7056,34.8369]}},{"type":"Feature","properties":{"id":"","property":"Swine"},"geometry":{"type":"Point","coordinates":[-77.80337,34.89281]}},{"type":"Feature","properties":{"id":"","property":"Swine"},"geometry":{"type":"Point","coordinates":[-77.730379,34.843313]}},{"type":"Feature","properties":{"id":"","property":"Swine"},"geometry":{"type":"Point","coordinates":[-77.7267,34.8694]}},{"type":"Feature","properties":{"id":"","property":"Swine"},"geometry":{"type":"Point","coordinates":[-77.7033,34.8633]}},{"type":"Feature","properties":{"id":"","property":"Swine"},"geometry":{"type":"Point","coordinates":[-77.912723,34.968013]}},{"type":"Feature","properties":{"id":"","property":"Swine"},"geometry":{"type":"Point","coordinates":[-77.799118,35.069252]}},{"type":"Feature","properties":{"id":"","property":"Swine"},"geometry":{"type":"Point","coordinates":[-77.855782,35.152741]}},{"type":"Feature","properties":{"id":"","property":"Swine"},"geometry":{"type":"Point","coordinates":[-77.8306,34.9642]}},{"type":"Feature","properties":{"id":"","property":"Swine"},"geometry":{"type":"Point","coordinates":[-77.7978,34.7367]}},{"type":"Feature","properties":{"id":"","property":"Swine"},"geometry":{"type":"Point","coordinates":[-78.0236,34.8761]}},{"type":"Feature","properties":{"id":"","property":"Swine"},"geometry":{"type":"Point","coordinates":[-77.7467,34.8833]}},{"type":"Feature","properties":{"id":"","property":"Cattle"},"geometry":{"type":"Point","coordinates":[-77.798734,35.045567]}},{"type":"Feature","properties":{"id":"","property":"Swine"},"geometry":{"type":"Point","coordinates":[-77.798734,35.045567]}},{"type":"Feature","properties":{"id":"","property":"Swine"},"geometry":{"type":"Point","coordinates":[-77.9653,34.95]}},{"type":"Feature","properties":{"id":"","property":"Swine"},"geometry":{"type":"Point","coordinates":[-77.75193,34.71793]}},{"type":"Feature","properties":{"id":"","property":"Swine"},"geometry":{"type":"Point","coordinates":[-78.070045,34.73276]}},{"type":"Feature","properties":{"id":"","property":"Swine"},"geometry":{"type":"Point","coordinates":[-77.74051,34.74519]}},{"type":"Feature","properties":{"id":"","property":"Swine"},"geometry":{"type":"Point","coordinates":[-77.9283,34.8994]}},{"type":"Feature","properties":{"id":"","property":"Swine"},"geometry":{"type":"Point","coordinates":[-77.9492,35.0964]}},{"type":"Feature","properties":{"id":"","property":"Swine"},"geometry":{"type":"Point","coordinates":[-77.685,34.8911]}},{"type":"Feature","properties":{"id":"","property":"Swine"},"geometry":{"type":"Point","coordinates":[-77.9961,35.1131]}},{"type":"Feature","properties":{"id":"","property":"Swine"},"geometry":{"type":"Point","coordinates":[-77.9569,35.0736]}},{"type":"Feature","properties":{"id":"","property":"Swine"},"geometry":{"type":"Point","coordinates":[-77.8656,34.8564]}},{"type":"Feature","properties":{"id":"","property":"Swine"},"geometry":{"type":"Point","coordinates":[-78.0403,35.0575]}},{"type":"Feature","properties":{"id":"","property":"Swine"},"geometry":{"type":"Point","coordinates":[-78.0933,34.915]}},{"type":"Feature","properties":{"id":"","property":"Swine"},"geometry":{"type":"Point","coordinates":[-78.0933,34.915]}},{"type":"Feature","properties":{"id":"","property":"Swine"},"geometry":{"type":"Point","coordinates":[-78.0933,34.915]}},{"type":"Feature","properties":{"id":"","property":"Swine"},"geometry":{"type":"Point","coordinates":[-77.7758,35.0361]}},{"type":"Feature","properties":{"id":"","property":"Swine"},"geometry":{"type":"Point","coordinates":[-77.9036,35.0317]}},{"type":"Feature","properties":{"id":"","property":"Swine"},"geometry":{"type":"Point","coordinates":[-77.7839,35.0144]}},{"type":"Feature","properties":{"id":"","property":"Swine"},"geometry":{"type":"Point","coordinates":[-77.7839,35.0144]}},{"type":"Feature","properties":{"id":"","property":"Swine"},"geometry":{"type":"Point","coordinates":[-77.7839,35.0144]}},{"type":"Feature","properties":{"id":"","property":"Swine"},"geometry":{"type":"Point","coordinates":[-78.0217,34.995]}},{"type":"Feature","properties":{"id":"","property":"Swine"},"geometry":{"type":"Point","coordinates":[-78.1342,35.0358]}},{"type":"Feature","properties":{"id":"","property":"Swine"},"geometry":{"type":"Point","coordinates":[-77.722747,34.967978]}},{"type":"Feature","properties":{"id":"","property":"Swine"},"geometry":{"type":"Point","coordinates":[-77.9361,34.8725]}},{"type":"Feature","properties":{"id":"","property":"Swine"},"geometry":{"type":"Point","coordinates":[-77.7864,34.9469]}},{"type":"Feature","properties":{"id":"","property":"Swine"},"geometry":{"type":"Point","coordinates":[-77.9581,35.0658]}},{"type":"Feature","properties":{"id":"","property":"Swine"},"geometry":{"type":"Point","coordinates":[-78.0678,35.0653]}},{"type":"Feature","properties":{"id":"","property":"Swine"},"geometry":{"type":"Point","coordinates":[-77.8053,34.8817]}},{"type":"Feature","properties":{"id":"","property":"Swine"},"geometry":{"type":"Point","coordinates":[-77.8072,35.0203]}},{"type":"Feature","properties":{"id":"","property":"Swine"},"geometry":{"type":"Point","coordinates":[-77.8653,35.08]}},{"type":"Feature","properties":{"id":"","property":"Swine"},"geometry":{"type":"Point","coordinates":[-77.910707,34.918066]}},{"type":"Feature","properties":{"id":"","property":"Swine"},"geometry":{"type":"Point","coordinates":[-77.7436,34.8517]}},{"type":"Feature","properties":{"id":"","property":"Swine"},"geometry":{"type":"Point","coordinates":[-77.9944,35.0361]}},{"type":"Feature","properties":{"id":"","property":"Swine"},"geometry":{"type":"Point","coordinates":[-77.9944,35.0361]}},{"type":"Feature","properties":{"id":"","property":"Swine"},"geometry":{"type":"Point","coordinates":[-77.9944,35.0361]}},{"type":"Feature","properties":{"id":"","property":"Swine"},"geometry":{"type":"Point","coordinates":[-78.011137,35.068112]}},{"type":"Feature","properties":{"id":"","property":"Swine"},"geometry":{"type":"Point","coordinates":[-78.011137,35.068112]}},{"type":"Feature","properties":{"id":"","property":"Swine"},"geometry":{"type":"Point","coordinates":[-78.011137,35.068112]}},{"type":"Feature","properties":{"id":"","property":"Swine"},"geometry":{"type":"Point","coordinates":[-78.0167,35.0683]}},{"type":"Feature","properties":{"id":"","property":"Swine"},"geometry":{"type":"Point","coordinates":[-78.0167,35.0683]}},{"type":"Feature","properties":{"id":"","property":"Swine"},"geometry":{"type":"Point","coordinates":[-78.0167,35.0683]}},{"type":"Feature","properties":{"id":"","property":"Swine"},"geometry":{"type":"Point","coordinates":[-77.9786,35.0331]}},{"type":"Feature","properties":{"id":"","property":"Swine"},"geometry":{"type":"Point","coordinates":[-77.7622,34.8842]}},{"type":"Feature","properties":{"id":"","property":"Swine"},"geometry":{"type":"Point","coordinates":[-78.1083,35.0722]}},{"type":"Feature","properties":{"id":"","property":"Swine"},"geometry":{"type":"Point","coordinates":[-77.8006,35.0861]}},{"type":"Feature","properties":{"id":"","property":"Swine"},"geometry":{"type":"Point","coordinates":[-77.8347,35.1389]}},{"type":"Feature","properties":{"id":"","property":"Swine"},"geometry":{"type":"Point","coordinates":[-78.0139,34.9458]}},{"type":"Feature","properties":{"id":"","property":"Swine"},"geometry":{"type":"Point","coordinates":[-78.1075,34.9667]}},{"type":"Feature","properties":{"id":"","property":"Swine"},"geometry":{"type":"Point","coordinates":[-77.8147,35.0989]}},{"type":"Feature","properties":{"id":"","property":"Swine"},"geometry":{"type":"Point","coordinates":[-77.9575,35.1436]}},{"type":"Feature","properties":{"id":"","property":"Swine"},"geometry":{"type":"Point","coordinates":[-77.7136,34.8944]}},{"type":"Feature","properties":{"id":"","property":"Swine"},"geometry":{"type":"Point","coordinates":[-78.01161,35.10152]}},{"type":"Feature","properties":{"id":"","property":"Swine"},"geometry":{"type":"Point","coordinates":[-77.824593,35.134527]}},{"type":"Feature","properties":{"id":"","property":"Swine"},"geometry":{"type":"Point","coordinates":[-78.125,35.0639]}},{"type":"Feature","properties":{"id":"","property":"Swine"},"geometry":{"type":"Point","coordinates":[-77.909363,34.837027]}},{"type":"Feature","properties":{"id":"","property":"Swine"},"geometry":{"type":"Point","coordinates":[-77.83011,34.947151]}},{"type":"Feature","properties":{"id":"","property":"Swine"},"geometry":{"type":"Point","coordinates":[-77.8022,35.1033]}},{"type":"Feature","properties":{"id":"","property":"Swine"},"geometry":{"type":"Point","coordinates":[-77.915,35.0264]}},{"type":"Feature","properties":{"id":"","property":"Swine"},"geometry":{"type":"Point","coordinates":[-77.7717,34.7772]}},{"type":"Feature","properties":{"id":"","property":"Swine"},"geometry":{"type":"Point","coordinates":[-78.0275,35.0972]}},{"type":"Feature","properties":{"id":"","property":"Swine"},"geometry":{"type":"Point","coordinates":[-77.9036,34.9967]}},{"type":"Feature","properties":{"id":"","property":"Swine"},"geometry":{"type":"Point","coordinates":[-77.9814,35.0731]}},{"type":"Feature","properties":{"id":"","property":"Swine"},"geometry":{"type":"Point","coordinates":[-77.8433,34.9486]}},{"type":"Feature","properties":{"id":"","property":"Swine"},"geometry":{"type":"Point","coordinates":[-78.0506,35.1092]}},{"type":"Feature","properties":{"id":"","property":"Swine"},"geometry":{"type":"Point","coordinates":[-77.7936,34.8283]}},{"type":"Feature","properties":{"id":"","property":"Swine"},"geometry":{"type":"Point","coordinates":[-77.7872,34.8256]}},{"type":"Feature","properties":{"id":"","property":"Swine"},"geometry":{"type":"Point","coordinates":[-78.13713,34.74394]}},{"type":"Feature","properties":{"id":"","property":"Swine"},"geometry":{"type":"Point","coordinates":[-77.685,34.9267]}},{"type":"Feature","properties":{"id":"","property":"Swine"},"geometry":{"type":"Point","coordinates":[-77.7767,34.7544]}},{"type":"Feature","properties":{"id":"","property":"Swine"},"geometry":{"type":"Point","coordinates":[-77.9214,35.1172]}},{"type":"Feature","properties":{"id":"","property":"Swine"},"geometry":{"type":"Point","coordinates":[-78.1,34.79]}},{"type":"Feature","properties":{"id":"","property":"Swine"},"geometry":{"type":"Point","coordinates":[-77.9414,34.7917]}},{"type":"Feature","properties":{"id":"","property":"Swine"},"geometry":{"type":"Point","coordinates":[-77.8186,35.0839]}},{"type":"Feature","properties":{"id":"","property":"Swine"},"geometry":{"type":"Point","coordinates":[-77.7883,35.055]}},{"type":"Feature","properties":{"id":"","property":"Swine"},"geometry":{"type":"Point","coordinates":[-77.8006,35.0258]}},{"type":"Feature","properties":{"id":"","property":"Swine"},"geometry":{"type":"Point","coordinates":[-77.8403,34.9936]}},{"type":"Feature","properties":{"id":"","property":"Swine"},"geometry":{"type":"Point","coordinates":[-77.9225,34.8894]}},{"type":"Feature","properties":{"id":"","property":"Swine"},"geometry":{"type":"Point","coordinates":[-77.8764,35.1258]}},{"type":"Feature","properties":{"id":"","property":"Swine"},"geometry":{"type":"Point","coordinates":[-77.715,34.8147]}},{"type":"Feature","properties":{"id":"","property":"Swine"},"geometry":{"type":"Point","coordinates":[-77.8144,34.9164]}},{"type":"Feature","properties":{"id":"","property":"Swine"},"geometry":{"type":"Point","coordinates":[-77.7328,34.7311]}},{"type":"Feature","properties":{"id":"","property":"Swine"},"geometry":{"type":"Point","coordinates":[-77.7397,34.9108]}},{"type":"Feature","properties":{"id":"","property":"Swine"},"geometry":{"type":"Point","coordinates":[-77.79,35.0233]}},{"type":"Feature","properties":{"id":"","property":"Swine"},"geometry":{"type":"Point","coordinates":[-77.7797,35.0278]}},{"type":"Feature","properties":{"id":"","property":"Swine"},"geometry":{"type":"Point","coordinates":[-77.8825,35.1381]}},{"type":"Feature","properties":{"id":"","property":"Swine"},"geometry":{"type":"Point","coordinates":[-77.73022,34.76197]}},{"type":"Feature","properties":{"id":"","property":"Swine"},"geometry":{"type":"Point","coordinates":[-77.9153,35.0303]}},{"type":"Feature","properties":{"id":"","property":"Swine"},"geometry":{"type":"Point","coordinates":[-77.9153,35.0303]}},{"type":"Feature","properties":{"id":"","property":"Swine"},"geometry":{"type":"Point","coordinates":[-77.8789,34.9886]}},{"type":"Feature","properties":{"id":"","property":"Swine"},"geometry":{"type":"Point","coordinates":[-78.0428,35.1053]}},{"type":"Feature","properties":{"id":"","property":"Swine"},"geometry":{"type":"Point","coordinates":[-77.791506,35.099165]}},{"type":"Feature","properties":{"id":"","property":"Swine"},"geometry":{"type":"Point","coordinates":[-77.9878,35.0494]}},{"type":"Feature","properties":{"id":"","property":"Swine"},"geometry":{"type":"Point","coordinates":[-77.6989,34.7614]}},{"type":"Feature","properties":{"id":"","property":"Swine"},"geometry":{"type":"Point","coordinates":[-77.834099,34.999999]}},{"type":"Feature","properties":{"id":"","property":"Swine"},"geometry":{"type":"Point","coordinates":[-77.7847,34.7914]}},{"type":"Feature","properties":{"id":"","property":"Swine"},"geometry":{"type":"Point","coordinates":[-77.9886,34.7803]}},{"type":"Feature","properties":{"id":"","property":"Swine"},"geometry":{"type":"Point","coordinates":[-78.140266,35.029846]}},{"type":"Feature","properties":{"id":"","property":"Swine"},"geometry":{"type":"Point","coordinates":[-77.915526,34.857872]}},{"type":"Feature","properties":{"id":"","property":"Swine"},"geometry":{"type":"Point","coordinates":[-77.7519,34.8008]}},{"type":"Feature","properties":{"id":"","property":"Swine"},"geometry":{"type":"Point","coordinates":[-78.0294,35.0139]}},{"type":"Feature","properties":{"id":"","property":"Swine"},"geometry":{"type":"Point","coordinates":[-77.8861,35.0333]}},{"type":"Feature","properties":{"id":"","property":"Swine"},"geometry":{"type":"Point","coordinates":[-77.888242,35.026488]}},{"type":"Feature","properties":{"id":"","property":"Swine"},"geometry":{"type":"Point","coordinates":[-77.956433,35.042344]}},{"type":"Feature","properties":{"id":"","property":"Swine"},"geometry":{"type":"Point","coordinates":[-77.90218,35.103093]}},{"type":"Feature","properties":{"id":"","property":"Swine"},"geometry":{"type":"Point","coordinates":[-77.8161,34.9278]}},{"type":"Feature","properties":{"id":"","property":"Swine"},"geometry":{"type":"Point","coordinates":[-77.744164,34.97974]}},{"type":"Feature","properties":{"id":"","property":"Swine"},"geometry":{"type":"Point","coordinates":[-77.8228,34.85]}},{"type":"Feature","properties":{"id":"","property":"Swine"},"geometry":{"type":"Point","coordinates":[-77.817853,34.859811]}},{"type":"Feature","properties":{"id":"","property":"Swine"},"geometry":{"type":"Point","coordinates":[-77.8128,34.8603]}},{"type":"Feature","properties":{"id":"","property":"Swine"},"geometry":{"type":"Point","coordinates":[-78.0367,34.9689]}},{"type":"Feature","properties":{"id":"","property":"Swine"},"geometry":{"type":"Point","coordinates":[-77.968579,35.011817]}},{"type":"Feature","properties":{"id":"","property":"Swine"},"geometry":{"type":"Point","coordinates":[-78.1183,35.0236]}},{"type":"Feature","properties":{"id":"","property":"Swine"},"geometry":{"type":"Point","coordinates":[-78.025769,34.970655]}},{"type":"Feature","properties":{"id":"","property":"Swine"},"geometry":{"type":"Point","coordinates":[-78.0158,35.0314]}},{"type":"Feature","properties":{"id":"","property":"Swine"},"geometry":{"type":"Point","coordinates":[-77.963323,35.035624]}},{"type":"Feature","properties":{"id":"","property":"Swine"},"geometry":{"type":"Point","coordinates":[-77.963323,35.035624]}},{"type":"Feature","properties":{"id":"","property":"Swine"},"geometry":{"type":"Point","coordinates":[-77.7914,34.7517]}},{"type":"Feature","properties":{"id":"","property":"Swine"},"geometry":{"type":"Point","coordinates":[-77.9967,35.0156]}},{"type":"Feature","properties":{"id":"","property":"Swine"},"geometry":{"type":"Point","coordinates":[-77.7408,34.7636]}},{"type":"Feature","properties":{"id":"","property":"Swine"},"geometry":{"type":"Point","coordinates":[-77.698713,34.741541]}},{"type":"Feature","properties":{"id":"","property":"Swine"},"geometry":{"type":"Point","coordinates":[-77.772947,34.730108]}},{"type":"Feature","properties":{"id":"","property":"Swine"},"geometry":{"type":"Point","coordinates":[-77.72547,34.76063]}},{"type":"Feature","properties":{"id":"","property":"Swine"},"geometry":{"type":"Point","coordinates":[-77.983596,34.782226]}},{"type":"Feature","properties":{"id":"","property":"Swine"},"geometry":{"type":"Point","coordinates":[-77.74345,34.73041]}},{"type":"Feature","properties":{"id":"","property":"Swine"},"geometry":{"type":"Point","coordinates":[-77.92,34.9433]}},{"type":"Feature","properties":{"id":"","property":"Swine"},"geometry":{"type":"Point","coordinates":[-77.781349,34.739664]}},{"type":"Feature","properties":{"id":"","property":"Swine"},"geometry":{"type":"Point","coordinates":[-77.8133,34.8972]}},{"type":"Feature","properties":{"id":"","property":"Swine"},"geometry":{"type":"Point","coordinates":[-77.7833,35.0986]}},{"type":"Feature","properties":{"id":"","property":"Swine"},"geometry":{"type":"Point","coordinates":[-77.9064,34.8806]}},{"type":"Feature","properties":{"id":"","property":"Swine"},"geometry":{"type":"Point","coordinates":[-78.0472,35.1439]}},{"type":"Feature","properties":{"id":"","property":"Swine"},"geometry":{"type":"Point","coordinates":[-77.9328,35.1264]}},{"type":"Feature","properties":{"id":"","property":"Swine"},"geometry":{"type":"Point","coordinates":[-77.8772,35.1181]}},{"type":"Feature","properties":{"id":"","property":"Swine"},"geometry":{"type":"Point","coordinates":[-77.7736,34.9817]}},{"type":"Feature","properties":{"id":"","property":"Swine"},"geometry":{"type":"Point","coordinates":[-78.0908,34.9667]}},{"type":"Feature","properties":{"id":"","property":"Swine"},"geometry":{"type":"Point","coordinates":[-78.0908,34.9667]}},{"type":"Feature","properties":{"id":"","property":"Swine"},"geometry":{"type":"Point","coordinates":[-77.7458,34.9292]}},{"type":"Feature","properties":{"id":"","property":"Swine"},"geometry":{"type":"Point","coordinates":[-77.8875,34.835]}},{"type":"Feature","properties":{"id":"","property":"Swine"},"geometry":{"type":"Point","coordinates":[-77.7789,35.11]}},{"type":"Feature","properties":{"id":"","property":"Swine"},"geometry":{"type":"Point","coordinates":[-77.82,35.0969]}},{"type":"Feature","properties":{"id":"","property":"Swine"},"geometry":{"type":"Point","coordinates":[-77.7753,35.0656]}},{"type":"Feature","properties":{"id":"","property":"Swine"},"geometry":{"type":"Point","coordinates":[-78.1378,35.0583]}},{"type":"Feature","properties":{"id":"","property":"Swine"},"geometry":{"type":"Point","coordinates":[-77.7153,34.9858]}},{"type":"Feature","properties":{"id":"","property":"Swine"},"geometry":{"type":"Point","coordinates":[-77.998395,35.108403]}},{"type":"Feature","properties":{"id":"","property":"Swine"},"geometry":{"type":"Point","coordinates":[-77.784362,34.976261]}},{"type":"Feature","properties":{"id":"","property":"Swine"},"geometry":{"type":"Point","coordinates":[-77.8456,34.9656]}},{"type":"Feature","properties":{"id":"","property":"Swine"},"geometry":{"type":"Point","coordinates":[-77.762375,34.840352]}},{"type":"Feature","properties":{"id":"","property":"Swine"},"geometry":{"type":"Point","coordinates":[-77.9789,35.1158]}},{"type":"Feature","properties":{"id":"","property":"Swine"},"geometry":{"type":"Point","coordinates":[-77.75074,34.75979]}},{"type":"Feature","properties":{"id":"","property":"Swine"},"geometry":{"type":"Point","coordinates":[-77.7808,34.9786]}},{"type":"Feature","properties":{"id":"","property":"Swine"},"geometry":{"type":"Point","coordinates":[-78.125,34.7369]}},{"type":"Feature","properties":{"id":"","property":"Swine"},"geometry":{"type":"Point","coordinates":[-78.1214,34.7389]}},{"type":"Feature","properties":{"id":"","property":"Swine"},"geometry":{"type":"Point","coordinates":[-78.0789,34.7778]}},{"type":"Feature","properties":{"id":"","property":"Swine"},"geometry":{"type":"Point","coordinates":[-77.82186,35.15443]}},{"type":"Feature","properties":{"id":"","property":"Swine"},"geometry":{"type":"Point","coordinates":[-77.8628,35.0869]}},{"type":"Feature","properties":{"id":"","property":"Swine"},"geometry":{"type":"Point","coordinates":[-78.159799,34.822327]}},{"type":"Feature","properties":{"id":"","property":"Swine"},"geometry":{"type":"Point","coordinates":[-77.939721,34.860436]}},{"type":"Feature","properties":{"id":"","property":"Swine"},"geometry":{"type":"Point","coordinates":[-78.0964,35.0369]}},{"type":"Feature","properties":{"id":"","property":"Swine"},"geometry":{"type":"Point","coordinates":[-78.0792,34.7439]}},{"type":"Feature","properties":{"id":"","property":"Swine"},"geometry":{"type":"Point","coordinates":[-77.8697,35.0867]}},{"type":"Feature","properties":{"id":"","property":"Swine"},"geometry":{"type":"Point","coordinates":[-77.9186,34.8389]}},{"type":"Feature","properties":{"id":"","property":"Swine"},"geometry":{"type":"Point","coordinates":[-77.9747,35.1119]}},{"type":"Feature","properties":{"id":"","property":"Swine"},"geometry":{"type":"Point","coordinates":[-77.69062,34.90819]}},{"type":"Feature","properties":{"id":"","property":"Swine"},"geometry":{"type":"Point","coordinates":[-77.923136,34.871459]}},{"type":"Feature","properties":{"id":"","property":"Swine"},"geometry":{"type":"Point","coordinates":[-77.9133,34.8767]}},{"type":"Feature","properties":{"id":"","property":"Swine"},"geometry":{"type":"Point","coordinates":[-77.9634,34.8381]}},{"type":"Feature","properties":{"id":"","property":"Swine"},"geometry":{"type":"Point","coordinates":[-78.140862,34.9664]}},{"type":"Feature","properties":{"id":"","property":"Swine"},"geometry":{"type":"Point","coordinates":[-77.8553,35.0022]}},{"type":"Feature","properties":{"id":"","property":"Swine"},"geometry":{"type":"Point","coordinates":[-77.73487,34.82304]}},{"type":"Feature","properties":{"id":"","property":"Swine"},"geometry":{"type":"Point","coordinates":[-77.7317,34.7497]}},{"type":"Feature","properties":{"id":"","property":"Swine"},"geometry":{"type":"Point","coordinates":[-77.8992,35.0014]}},{"type":"Feature","properties":{"id":"","property":"Swine"},"geometry":{"type":"Point","coordinates":[-78.0369,35.1903]}},{"type":"Feature","properties":{"id":"","property":"Swine"},"geometry":{"type":"Point","coordinates":[-78.1525,34.8108]}},{"type":"Feature","properties":{"id":"","property":"Swine"},"geometry":{"type":"Point","coordinates":[-77.8758,34.8781]}},{"type":"Feature","properties":{"id":"","property":"Swine"},"geometry":{"type":"Point","coordinates":[-78.029713,34.929369]}},{"type":"Feature","properties":{"id":"","property":"Swine"},"geometry":{"type":"Point","coordinates":[-77.8175,34.94]}},{"type":"Feature","properties":{"id":"","property":"Swine"},"geometry":{"type":"Point","coordinates":[-77.8706,35.0219]}},{"type":"Feature","properties":{"id":"","property":"Swine"},"geometry":{"type":"Point","coordinates":[-77.825,35.0672]}},{"type":"Feature","properties":{"id":"","property":"Swine"},"geometry":{"type":"Point","coordinates":[-77.858721,35.057561]}},{"type":"Feature","properties":{"id":"","property":"Swine"},"geometry":{"type":"Point","coordinates":[-77.9797,35.1094]}},{"type":"Feature","properties":{"id":"","property":"Swine"},"geometry":{"type":"Point","coordinates":[-77.9622,35.0175]}},{"type":"Feature","properties":{"id":"","property":"Swine"},"geometry":{"type":"Point","coordinates":[-78.100073,34.741886]}},{"type":"Feature","properties":{"id":"","property":"Swine"},"geometry":{"type":"Point","coordinates":[-77.9242,35.0569]}},{"type":"Feature","properties":{"id":"","property":"Swine"},"geometry":{"type":"Point","coordinates":[-78.1378,35.0953]}},{"type":"Feature","properties":{"id":"","property":"Swine"},"geometry":{"type":"Point","coordinates":[-78.030448,34.935712]}},{"type":"Feature","properties":{"id":"","property":"Swine"},"geometry":{"type":"Point","coordinates":[-77.93834,35.028783]}},{"type":"Feature","properties":{"id":"","property":"Swine"},"geometry":{"type":"Point","coordinates":[-77.93834,35.028783]}},{"type":"Feature","properties":{"id":"","property":"Swine"},"geometry":{"type":"Point","coordinates":[-77.7742,34.9919]}},{"type":"Feature","properties":{"id":"","property":"Swine"},"geometry":{"type":"Point","coordinates":[-77.7706,35.005]}},{"type":"Feature","properties":{"id":"","property":"Swine"},"geometry":{"type":"Point","coordinates":[-77.9167,34.8917]}},{"type":"Feature","properties":{"id":"","property":"Swine"},"geometry":{"type":"Point","coordinates":[-77.9536,35.1161]}},{"type":"Feature","properties":{"id":"","property":"Swine"},"geometry":{"type":"Point","coordinates":[-77.9172,34.9619]}},{"type":"Feature","properties":{"id":"","property":"Swine"},"geometry":{"type":"Point","coordinates":[-77.94868,34.8624]}},{"type":"Feature","properties":{"id":"","property":"Swine"},"geometry":{"type":"Point","coordinates":[-77.8944,35.0236]}},{"type":"Feature","properties":{"id":"","property":"Swine"},"geometry":{"type":"Point","coordinates":[-77.8028,35.0647]}},{"type":"Feature","properties":{"id":"","property":"Swine"},"geometry":{"type":"Point","coordinates":[-77.9489,34.8619]}},{"type":"Feature","properties":{"id":"","property":"Swine"},"geometry":{"type":"Point","coordinates":[-77.84805,35.10447]}},{"type":"Feature","properties":{"id":"","property":"Swine"},"geometry":{"type":"Point","coordinates":[-78.1067,34.78]}},{"type":"Feature","properties":{"id":"","property":"Swine"},"geometry":{"type":"Point","coordinates":[-77.8406,35.0731]}},{"type":"Feature","properties":{"id":"","property":"Swine"},"geometry":{"type":"Point","coordinates":[-77.68757,34.810109]}},{"type":"Feature","properties":{"id":"","property":"Swine"},"geometry":{"type":"Point","coordinates":[-77.9328,34.9856]}},{"type":"Feature","properties":{"id":"","property":"Swine"},"geometry":{"type":"Point","coordinates":[-78.0125,34.9008]}},{"type":"Feature","properties":{"id":"","property":"Swine"},"geometry":{"type":"Point","coordinates":[-77.76863,34.99348]}},{"type":"Feature","properties":{"id":"","property":"Swine"},"geometry":{"type":"Point","coordinates":[-77.905,34.9894]}},{"type":"Feature","properties":{"id":"","property":"Swine"},"geometry":{"type":"Point","coordinates":[-77.8661,35.1297]}},{"type":"Feature","properties":{"id":"","property":"Swine"},"geometry":{"type":"Point","coordinates":[-77.7008,34.8542]}},{"type":"Feature","properties":{"id":"","property":"Swine"},"geometry":{"type":"Point","coordinates":[-78.1286,35.0122]}},{"type":"Feature","properties":{"id":"","property":"Swine"},"geometry":{"type":"Point","coordinates":[-77.845355,35.065522]}},{"type":"Feature","properties":{"id":"","property":"Swine"},"geometry":{"type":"Point","coordinates":[-77.8856,35.1014]}},{"type":"Feature","properties":{"id":"","property":"Swine"},"geometry":{"type":"Point","coordinates":[-77.7311,34.9664]}},{"type":"Feature","properties":{"id":"","property":"Swine"},"geometry":{"type":"Point","coordinates":[-77.90724,34.85763]}},{"type":"Feature","properties":{"id":"","property":"Swine"},"geometry":{"type":"Point","coordinates":[-77.85754,34.861078]}},{"type":"Feature","properties":{"id":"","property":"Swine"},"geometry":{"type":"Point","coordinates":[-78.0372,35.1478]}},{"type":"Feature","properties":{"id":"","property":"Swine"},"geometry":{"type":"Point","coordinates":[-78.09838,34.83128]}},{"type":"Feature","properties":{"id":"","property":"Swine"},"geometry":{"type":"Point","coordinates":[-77.9903,35.0903]}},{"type":"Feature","properties":{"id":"","property":"Swine"},"geometry":{"type":"Point","coordinates":[-77.925133,34.883435]}},{"type":"Feature","properties":{"id":"","property":"Swine"},"geometry":{"type":"Point","coordinates":[-77.8142,34.9439]}},{"type":"Feature","properties":{"id":"","property":"Swine"},"geometry":{"type":"Point","coordinates":[-77.6786,34.8125]}},{"type":"Feature","properties":{"id":"","property":"Swine"},"geometry":{"type":"Point","coordinates":[-77.885,34.8739]}},{"type":"Feature","properties":{"id":"","property":"Swine"},"geometry":{"type":"Point","coordinates":[-77.95,34.7992]}},{"type":"Feature","properties":{"id":"","property":"Swine"},"geometry":{"type":"Point","coordinates":[-77.88,35.1253]}},{"type":"Feature","properties":{"id":"","property":"Swine"},"geometry":{"type":"Point","coordinates":[-77.7561,35.1131]}},{"type":"Feature","properties":{"id":"","property":"Swine"},"geometry":{"type":"Point","coordinates":[-77.822532,34.970463]}},{"type":"Feature","properties":{"id":"","property":"Swine"},"geometry":{"type":"Point","coordinates":[-77.8697,35.1075]}},{"type":"Feature","properties":{"id":"","property":"Swine"},"geometry":{"type":"Point","coordinates":[-77.9531,34.8047]}},{"type":"Feature","properties":{"id":"","property":"Swine"},"geometry":{"type":"Point","coordinates":[-78.118362,34.863862]}},{"type":"Feature","properties":{"id":"","property":"Swine"},"geometry":{"type":"Point","coordinates":[-78.118362,34.863862]}},{"type":"Feature","properties":{"id":"","property":"Swine"},"geometry":{"type":"Point","coordinates":[-78.118362,34.863862]}},{"type":"Feature","properties":{"id":"","property":"Swine"},"geometry":{"type":"Point","coordinates":[-77.9619,34.7797]}},{"type":"Feature","properties":{"id":"","property":"Swine"},"geometry":{"type":"Point","coordinates":[-77.9619,34.7797]}},{"type":"Feature","properties":{"id":"","property":"Swine"},"geometry":{"type":"Point","coordinates":[-77.9097,34.9875]}},{"type":"Feature","properties":{"id":"","property":"Swine"},"geometry":{"type":"Point","coordinates":[-77.9736,35.1164]}},{"type":"Feature","properties":{"id":"","property":"Swine"},"geometry":{"type":"Point","coordinates":[-78.025564,35.079083]}},{"type":"Feature","properties":{"id":"","property":"Swine"},"geometry":{"type":"Point","coordinates":[-77.8597,34.8531]}},{"type":"Feature","properties":{"id":"","property":"Swine"},"geometry":{"type":"Point","coordinates":[-77.9092,34.8764]}},{"type":"Feature","properties":{"id":"","property":"Swine"},"geometry":{"type":"Point","coordinates":[-77.8078,34.8703]}},{"type":"Feature","properties":{"id":"","property":"Swine"},"geometry":{"type":"Point","coordinates":[-77.7731,35.0008]}},{"type":"Feature","properties":{"id":"","property":"Swine"},"geometry":{"type":"Point","coordinates":[-77.791054,34.997581]}},{"type":"Feature","properties":{"id":"","property":"Swine"},"geometry":{"type":"Point","coordinates":[-77.7367,34.7808]}},{"type":"Feature","properties":{"id":"","property":"Swine"},"geometry":{"type":"Point","coordinates":[-77.9525,34.855]}},{"type":"Feature","properties":{"id":"","property":"Swine"},"geometry":{"type":"Point","coordinates":[-77.839801,34.938719]}},{"type":"Feature","properties":{"id":"","property":"Swine"},"geometry":{"type":"Point","coordinates":[-77.7194,34.9264]}},{"type":"Feature","properties":{"id":"","property":"Swine"},"geometry":{"type":"Point","coordinates":[-77.7022,34.9278]}},{"type":"Feature","properties":{"id":"","property":"Swine"},"geometry":{"type":"Point","coordinates":[-77.8014,34.9597]}},{"type":"Feature","properties":{"id":"","property":"Swine"},"geometry":{"type":"Point","coordinates":[-77.8864,34.8417]}},{"type":"Feature","properties":{"id":"","property":"Swine"},"geometry":{"type":"Point","coordinates":[-77.7242,34.9292]}},{"type":"Feature","properties":{"id":"","property":"Swine"},"geometry":{"type":"Point","coordinates":[-77.8298,35.11364]}},{"type":"Feature","properties":{"id":"","property":"Swine"},"geometry":{"type":"Point","coordinates":[-77.7883,35.1069]}},{"type":"Feature","properties":{"id":"","property":"Swine"},"geometry":{"type":"Point","coordinates":[-78.1731,34.8031]}},{"type":"Feature","properties":{"id":"","property":"Swine"},"geometry":{"type":"Point","coordinates":[-77.76105,34.73192]}},{"type":"Feature","properties":{"id":"","property":"Swine"},"geometry":{"type":"Point","coordinates":[-77.799354,35.145012]}},{"type":"Feature","properties":{"id":"","property":"Swine"},"geometry":{"type":"Point","coordinates":[-77.9775,34.805]}},{"type":"Feature","properties":{"id":"","property":"Swine"},"geometry":{"type":"Point","coordinates":[-78.1197,34.7447]}},{"type":"Feature","properties":{"id":"","property":"Swine"},"geometry":{"type":"Point","coordinates":[-78.1011,34.7814]}},{"type":"Feature","properties":{"id":"","property":"Swine"},"geometry":{"type":"Point","coordinates":[-77.7758,34.8878]}},{"type":"Feature","properties":{"id":"","property":"Swine"},"geometry":{"type":"Point","coordinates":[-78.06909,34.82461]}},{"type":"Feature","properties":{"id":"","property":"Swine"},"geometry":{"type":"Point","coordinates":[-77.8586,35.0764]}},{"type":"Feature","properties":{"id":"","property":"Swine"},"geometry":{"type":"Point","coordinates":[-77.919881,35.106059]}},{"type":"Feature","properties":{"id":"","property":"Swine"},"geometry":{"type":"Point","coordinates":[-77.8772,35.0869]}},{"type":"Feature","properties":{"id":"","property":"Swine"},"geometry":{"type":"Point","coordinates":[-78.13512,35.05135]}},{"type":"Feature","properties":{"id":"","property":"Swine"},"geometry":{"type":"Point","coordinates":[-77.7917,35.0019]}},{"type":"Feature","properties":{"id":"","property":"Swine"},"geometry":{"type":"Point","coordinates":[-77.8064,34.9869]}},{"type":"Feature","properties":{"id":"","property":"Swine"},"geometry":{"type":"Point","coordinates":[-77.87,35.05]}},{"type":"Feature","properties":{"id":"","property":"Swine"},"geometry":{"type":"Point","coordinates":[-77.9483,35.0853]}},{"type":"Feature","properties":{"id":"","property":"Swine"},"geometry":{"type":"Point","coordinates":[-77.8819,35.15]}},{"type":"Feature","properties":{"id":"","property":"Swine"},"geometry":{"type":"Point","coordinates":[-77.96244,34.8313]}},{"type":"Feature","properties":{"id":"","property":"Swine"},"geometry":{"type":"Point","coordinates":[-77.921301,35.015748]}},{"type":"Feature","properties":{"id":"","property":"Swine"},"geometry":{"type":"Point","coordinates":[-77.79864,34.7662]}},{"type":"Feature","properties":{"id":"","property":"Swine"},"geometry":{"type":"Point","coordinates":[-77.766024,35.041924]}},{"type":"Feature","properties":{"id":"","property":"Swine"},"geometry":{"type":"Point","coordinates":[-78.1367,34.9525]}},{"type":"Feature","properties":{"id":"","property":"Swine"},"geometry":{"type":"Point","coordinates":[-78.1292,34.9611]}},{"type":"Feature","properties":{"id":"","property":"Swine"},"geometry":{"type":"Point","coordinates":[-77.7533,34.9033]}},{"type":"Feature","properties":{"id":"","property":"Swine"},"geometry":{"type":"Point","coordinates":[-77.7,34.8542]}},{"type":"Feature","properties":{"id":"","property":"Swine"},"geometry":{"type":"Point","coordinates":[-77.9917,34.9292]}},{"type":"Feature","properties":{"id":"","property":"Swine"},"geometry":{"type":"Point","coordinates":[-78.1372,35.1717]}},{"type":"Feature","properties":{"id":"","property":"Swine"},"geometry":{"type":"Point","coordinates":[-77.848908,35.170546]}},{"type":"Feature","properties":{"id":"","property":"Swine"},"geometry":{"type":"Point","coordinates":[-77.7239,34.8178]}},{"type":"Feature","properties":{"id":"","property":"Swine"},"geometry":{"type":"Point","coordinates":[-77.8836,34.8975]}},{"type":"Feature","properties":{"id":"","property":"Swine"},"geometry":{"type":"Point","coordinates":[-77.840518,35.152551]}},{"type":"Feature","properties":{"id":"","property":"Swine"},"geometry":{"type":"Point","coordinates":[-77.8147,34.7508]}},{"type":"Feature","properties":{"id":"","property":"Swine"},"geometry":{"type":"Point","coordinates":[-77.7864,34.7422]}},{"type":"Feature","properties":{"id":"","property":"Swine"},"geometry":{"type":"Point","coordinates":[-78.11,34.8367]}},{"type":"Feature","properties":{"id":"","property":"Swine"},"geometry":{"type":"Point","coordinates":[-77.70806,34.984385]}},{"type":"Feature","properties":{"id":"","property":"Swine"},"geometry":{"type":"Point","coordinates":[-78.1208,34.8267]}},{"type":"Feature","properties":{"id":"","property":"Swine"},"geometry":{"type":"Point","coordinates":[-78.1208,34.8267]}},{"type":"Feature","properties":{"id":"","property":"Swine"},"geometry":{"type":"Point","coordinates":[-77.9722,35.0819]}},{"type":"Feature","properties":{"id":"","property":"Swine"},"geometry":{"type":"Point","coordinates":[-77.6997,34.9125]}},{"type":"Feature","properties":{"id":"","property":"Swine"},"geometry":{"type":"Point","coordinates":[-77.9606,34.7275]}},{"type":"Feature","properties":{"id":"","property":"Swine"},"geometry":{"type":"Point","coordinates":[-77.9128,34.9981]}},{"type":"Feature","properties":{"id":"","property":"Swine"},"geometry":{"type":"Point","coordinates":[-77.8997,35.0061]}},{"type":"Feature","properties":{"id":"","property":"Swine"},"geometry":{"type":"Point","coordinates":[-77.765,34.7511]}},{"type":"Feature","properties":{"id":"","property":"Swine"},"geometry":{"type":"Point","coordinates":[-77.76986,35.10469]}},{"type":"Feature","properties":{"id":"","property":"Swine"},"geometry":{"type":"Point","coordinates":[-77.78874,34.90213]}},{"type":"Feature","properties":{"id":"","property":"Swine"},"geometry":{"type":"Point","coordinates":[-77.85,35.0767]}},{"type":"Feature","properties":{"id":"","property":"Swine"},"geometry":{"type":"Point","coordinates":[-78.1375,34.8383]}},{"type":"Feature","properties":{"id":"","property":"Swine"},"geometry":{"type":"Point","coordinates":[-77.850863,35.046212]}},{"type":"Feature","properties":{"id":"","property":"Swine"},"geometry":{"type":"Point","coordinates":[-77.7544,35.0833]}},{"type":"Feature","properties":{"id":"","property":"Swine"},"geometry":{"type":"Point","coordinates":[-78.182206,34.765759]}},{"type":"Feature","properties":{"id":"","property":"Swine"},"geometry":{"type":"Point","coordinates":[-77.8833,35.1122]}},{"type":"Feature","properties":{"id":"","property":"Swine"},"geometry":{"type":"Point","coordinates":[-77.9014,35.1472]}},{"type":"Feature","properties":{"id":"","property":"Swine"},"geometry":{"type":"Point","coordinates":[-77.84137,35.15912]}},{"type":"Feature","properties":{"id":"","property":"Swine"},"geometry":{"type":"Point","coordinates":[-77.84137,35.15912]}},{"type":"Feature","properties":{"id":"","property":"Swine"},"geometry":{"type":"Point","coordinates":[-77.8272,35.0264]}},{"type":"Feature","properties":{"id":"","property":"Swine"},"geometry":{"type":"Point","coordinates":[-78.1403,35.0547]}},{"type":"Feature","properties":{"id":"","property":"Swine"},"geometry":{"type":"Point","coordinates":[-78.1186,34.7775]}},{"type":"Feature","properties":{"id":"","property":"Swine"},"geometry":{"type":"Point","coordinates":[-78.1117,34.7533]}},{"type":"Feature","properties":{"id":"","property":"Swine"},"geometry":{"type":"Point","coordinates":[-77.9361,34.8475]}},{"type":"Feature","properties":{"id":"","property":"Swine"},"geometry":{"type":"Point","coordinates":[-78.058803,35.091511]}},{"type":"Feature","properties":{"id":"","property":"Swine"},"geometry":{"type":"Point","coordinates":[-78.1274,34.9361]}},{"type":"Feature","properties":{"id":"","property":"Swine"},"geometry":{"type":"Point","coordinates":[-77.928084,35.033111]}},{"type":"Feature","properties":{"id":"","property":"Swine"},"geometry":{"type":"Point","coordinates":[-78.0717,34.9619]}},{"type":"Feature","properties":{"id":"","property":"Swine"},"geometry":{"type":"Point","coordinates":[-77.7039,34.8094]}},{"type":"Feature","properties":{"id":"","property":"Swine"},"geometry":{"type":"Point","coordinates":[-77.9461,35.0097]}},{"type":"Feature","properties":{"id":"","property":"Swine"},"geometry":{"type":"Point","coordinates":[-77.8106,35.0867]}},{"type":"Feature","properties":{"id":"","property":"Swine"},"geometry":{"type":"Point","coordinates":[-77.974901,35.094864]}},{"type":"Feature","properties":{"id":"","property":"Swine"},"geometry":{"type":"Point","coordinates":[-77.7989,35.1278]}},{"type":"Feature","properties":{"id":"","property":"Swine"},"geometry":{"type":"Point","coordinates":[-77.920786,34.899097]}},{"type":"Feature","properties":{"id":"","property":"Swine"},"geometry":{"type":"Point","coordinates":[-78.024422,35.00796]}},{"type":"Feature","properties":{"id":"","property":"Swine"},"geometry":{"type":"Point","coordinates":[-77.698666,34.923048]}},{"type":"Feature","properties":{"id":"","property":"Swine"},"geometry":{"type":"Point","coordinates":[-77.925455,35.086466]}},{"type":"Feature","properties":{"id":"","property":"Swine"},"geometry":{"type":"Point","coordinates":[-77.8972,34.8931]}},{"type":"Feature","properties":{"id":"","property":"Swine"},"geometry":{"type":"Point","coordinates":[-77.7522,34.8581]}},{"type":"Feature","properties":{"id":"","property":"Swine"},"geometry":{"type":"Point","coordinates":[-77.927467,34.793692]}},{"type":"Feature","properties":{"id":"","property":"Swine"},"geometry":{"type":"Point","coordinates":[-77.8294,34.7625]}},{"type":"Feature","properties":{"id":"","property":"Swine"},"geometry":{"type":"Point","coordinates":[-78.17,34.7533]}},{"type":"Feature","properties":{"id":"","property":"Swine"},"geometry":{"type":"Point","coordinates":[-77.8969,35.0625]}},{"type":"Feature","properties":{"id":"","property":"Swine"},"geometry":{"type":"Point","coordinates":[-78.0622,35.1553]}},{"type":"Feature","properties":{"id":"","property":"Swine"},"geometry":{"type":"Point","coordinates":[-77.707797,34.768857]}},{"type":"Feature","properties":{"id":"","property":"Swine"},"geometry":{"type":"Point","coordinates":[-78.0211,35.1092]}},{"type":"Feature","properties":{"id":"","property":"Swine"},"geometry":{"type":"Point","coordinates":[-78.0214,34.9544]}},{"type":"Feature","properties":{"id":"","property":"Swine"},"geometry":{"type":"Point","coordinates":[-78.0694,35.155]}},{"type":"Feature","properties":{"id":"","property":"Swine"},"geometry":{"type":"Point","coordinates":[-78.0694,35.155]}},{"type":"Feature","properties":{"id":"","property":"Swine"},"geometry":{"type":"Point","coordinates":[-78.0694,35.155]}},{"type":"Feature","properties":{"id":"","property":"Swine"},"geometry":{"type":"Point","coordinates":[-77.7422,34.7869]}},{"type":"Feature","properties":{"id":"","property":"Swine"},"geometry":{"type":"Point","coordinates":[-78.1389,34.7653]}},{"type":"Feature","properties":{"id":"","property":"Swine"},"geometry":{"type":"Point","coordinates":[-78.126297,34.800484]}},{"type":"Feature","properties":{"id":"","property":"Swine"},"geometry":{"type":"Point","coordinates":[-78.097826,34.806281]}},{"type":"Feature","properties":{"id":"","property":"Swine"},"geometry":{"type":"Point","coordinates":[-77.7917,35.0286]}},{"type":"Feature","properties":{"id":"","property":"Swine"},"geometry":{"type":"Point","coordinates":[-77.9667,34.9403]}},{"type":"Feature","properties":{"id":"","property":"Swine"},"geometry":{"type":"Point","coordinates":[-78.0083,34.9167]}},{"type":"Feature","properties":{"id":"","property":"Swine"},"geometry":{"type":"Point","coordinates":[-77.6972,34.7783]}},{"type":"Feature","properties":{"id":"","property":"Swine"},"geometry":{"type":"Point","coordinates":[-78.0053,35.1394]}},{"type":"Feature","properties":{"id":"","property":"Swine"},"geometry":{"type":"Point","coordinates":[-78.1544,34.7922]}},{"type":"Feature","properties":{"id":"","property":"Swine"},"geometry":{"type":"Point","coordinates":[-77.9942,34.9069]}},{"type":"Feature","properties":{"id":"","property":"Swine"},"geometry":{"type":"Point","coordinates":[-77.7958,34.8069]}},{"type":"Feature","properties":{"id":"","property":"Swine"},"geometry":{"type":"Point","coordinates":[-77.977501,34.978311]}},{"type":"Feature","properties":{"id":"","property":"Swine"},"geometry":{"type":"Point","coordinates":[-78.0531,35.0697]}},{"type":"Feature","properties":{"id":"","property":"Swine"},"geometry":{"type":"Point","coordinates":[-77.81901,34.75592]}},{"type":"Feature","properties":{"id":"","property":"Swine"},"geometry":{"type":"Point","coordinates":[-77.9878,35.0783]}},{"type":"Feature","properties":{"id":"","property":"Swine"},"geometry":{"type":"Point","coordinates":[-77.825267,34.897131]}},{"type":"Feature","properties":{"id":"","property":"Swine"},"geometry":{"type":"Point","coordinates":[-78.1197,34.7931]}},{"type":"Feature","properties":{"id":"","property":"Swine"},"geometry":{"type":"Point","coordinates":[-77.7167,34.8061]}},{"type":"Feature","properties":{"id":"","property":"Swine"},"geometry":{"type":"Point","coordinates":[-77.739906,34.753908]}},{"type":"Feature","properties":{"id":"","property":"Swine"},"geometry":{"type":"Point","coordinates":[-77.890355,34.99547]}},{"type":"Feature","properties":{"id":"","property":"Swine"},"geometry":{"type":"Point","coordinates":[-77.6931,34.7453]}},{"type":"Feature","properties":{"id":"","property":"Swine"},"geometry":{"type":"Point","coordinates":[-78.1331,34.7847]}},{"type":"Feature","properties":{"id":"","property":"Swine"},"geometry":{"type":"Point","coordinates":[-77.897516,35.031011]}},{"type":"Feature","properties":{"id":"","property":"Swine"},"geometry":{"type":"Point","coordinates":[-77.7903,35.0897]}},{"type":"Feature","properties":{"id":"","property":"Swine"},"geometry":{"type":"Point","coordinates":[-77.7789,34.9744]}},{"type":"Feature","properties":{"id":"","property":"Swine"},"geometry":{"type":"Point","coordinates":[-77.949058,34.738185]}},{"type":"Feature","properties":{"id":"","property":"Swine"},"geometry":{"type":"Point","coordinates":[-77.8931,34.8617]}},{"type":"Feature","properties":{"id":"","property":"Swine"},"geometry":{"type":"Point","coordinates":[-77.945623,34.893061]}},{"type":"Feature","properties":{"id":"","property":"Swine"},"geometry":{"type":"Point","coordinates":[-78.0042,34.8806]}},{"type":"Feature","properties":{"id":"","property":"Swine"},"geometry":{"type":"Point","coordinates":[-78.0131,35.1881]}},{"type":"Feature","properties":{"id":"","property":"Swine"},"geometry":{"type":"Point","coordinates":[-78.0889,34.8144]}},{"type":"Feature","properties":{"id":"","property":"Swine"},"geometry":{"type":"Point","coordinates":[-77.7964,34.7319]}},{"type":"Feature","properties":{"id":"","property":"Swine"},"geometry":{"type":"Point","coordinates":[-77.698131,34.860212]}},{"type":"Feature","properties":{"id":"","property":"Swine"},"geometry":{"type":"Point","coordinates":[-78.017098,34.959839]}},{"type":"Feature","properties":{"id":"","property":"Swine"},"geometry":{"type":"Point","coordinates":[-77.8964,35.1269]}},{"type":"Feature","properties":{"id":"","property":"Swine"},"geometry":{"type":"Point","coordinates":[-78.1439,34.7833]}},{"type":"Feature","properties":{"id":"","property":"Swine"},"geometry":{"type":"Point","coordinates":[-77.9369,35.0914]}},{"type":"Feature","properties":{"id":"","property":"Swine"},"geometry":{"type":"Point","coordinates":[-78.133541,34.815275]}},{"type":"Feature","properties":{"id":"","property":"Swine"},"geometry":{"type":"Point","coordinates":[-77.89875,35.12895]}},{"type":"Feature","properties":{"id":"","property":"Swine"},"geometry":{"type":"Point","coordinates":[-78.0028,35.1803]}},{"type":"Feature","properties":{"id":"","property":"Swine"},"geometry":{"type":"Point","coordinates":[-77.8934,34.8571]}},{"type":"Feature","properties":{"id":"","property":"Swine"},"geometry":{"type":"Point","coordinates":[-77.8389,35.0758]}},{"type":"Feature","properties":{"id":"","property":"Swine"},"geometry":{"type":"Point","coordinates":[-77.79923,34.86442]}},{"type":"Feature","properties":{"id":"","property":"Swine"},"geometry":{"type":"Point","coordinates":[-77.82765,35.10839]}},{"type":"Feature","properties":{"id":"","property":"Swine"},"geometry":{"type":"Point","coordinates":[-78.07,34.9714]}},{"type":"Feature","properties":{"id":"","property":"Swine"},"geometry":{"type":"Point","coordinates":[-77.7883,35.1428]}},{"type":"Feature","properties":{"id":"","property":"Swine"},"geometry":{"type":"Point","coordinates":[-78.047684,35.087796]}},{"type":"Feature","properties":{"id":"","property":"Swine"},"geometry":{"type":"Point","coordinates":[-77.6869,34.7611]}},{"type":"Feature","properties":{"id":"","property":"Swine"},"geometry":{"type":"Point","coordinates":[-78.0322,35.0214]}},{"type":"Feature","properties":{"id":"","property":"Swine"},"geometry":{"type":"Point","coordinates":[-78.0322,35.0214]}},{"type":"Feature","properties":{"id":"","property":"Swine"},"geometry":{"type":"Point","coordinates":[-78.0322,35.0214]}},{"type":"Feature","properties":{"id":"","property":"Swine"},"geometry":{"type":"Point","coordinates":[-77.7417,34.8083]}},{"type":"Feature","properties":{"id":"","property":"Swine"},"geometry":{"type":"Point","coordinates":[-78.0986,34.8553]}},{"type":"Feature","properties":{"id":"","property":"Swine"},"geometry":{"type":"Point","coordinates":[-78.0708,35.1267]}},{"type":"Feature","properties":{"id":"","property":"Swine"},"geometry":{"type":"Point","coordinates":[-77.7956,34.7494]}},{"type":"Feature","properties":{"id":"","property":"Swine"},"geometry":{"type":"Point","coordinates":[-77.967379,35.073254]}},{"type":"Feature","properties":{"id":"","property":"Swine"},"geometry":{"type":"Point","coordinates":[-77.9175,35.0097]}},{"type":"Feature","properties":{"id":"","property":"Swine"},"geometry":{"type":"Point","coordinates":[-77.6858,34.9075]}},{"type":"Feature","properties":{"id":"","property":"Swine"},"geometry":{"type":"Point","coordinates":[-77.7897,34.8556]}},{"type":"Feature","properties":{"id":"","property":"Swine"},"geometry":{"type":"Point","coordinates":[-78.0856,34.8833]}},{"type":"Feature","properties":{"id":"","property":"Swine"},"geometry":{"type":"Point","coordinates":[-78.0172,35.1308]}},{"type":"Feature","properties":{"id":"","property":"Swine"},"geometry":{"type":"Point","coordinates":[-78.0172,35.1308]}},{"type":"Feature","properties":{"id":"","property":"Swine"},"geometry":{"type":"Point","coordinates":[-78.0172,35.1308]}},{"type":"Feature","properties":{"id":"","property":"Swine"},"geometry":{"type":"Point","coordinates":[-78.1058,35.1056]}},{"type":"Feature","properties":{"id":"","property":"Swine"},"geometry":{"type":"Point","coordinates":[-78.1058,35.1056]}},{"type":"Feature","properties":{"id":"","property":"Swine"},"geometry":{"type":"Point","coordinates":[-77.7608,34.8939]}},{"type":"Feature","properties":{"id":"","property":"Swine"},"geometry":{"type":"Point","coordinates":[-77.708316,34.774303]}},{"type":"Feature","properties":{"id":"","property":"Swine"},"geometry":{"type":"Point","coordinates":[-77.789228,35.001101]}},{"type":"Feature","properties":{"id":"","property":"Swine"},"geometry":{"type":"Point","coordinates":[-78.1014,35.1189]}},{"type":"Feature","properties":{"id":"","property":"Swine"},"geometry":{"type":"Point","coordinates":[-77.6878,35.9583]}},{"type":"Feature","properties":{"id":"","property":"Swine"},"geometry":{"type":"Point","coordinates":[-77.6878,35.9583]}},{"type":"Feature","properties":{"id":"","property":"Swine"},"geometry":{"type":"Point","coordinates":[-77.6878,35.9583]}},{"type":"Feature","properties":{"id":"","property":"Swine"},"geometry":{"type":"Point","coordinates":[-77.612747,35.813739]}},{"type":"Feature","properties":{"id":"","property":"Swine"},"geometry":{"type":"Point","coordinates":[-77.5952,35.8315]}},{"type":"Feature","properties":{"id":"","property":"Swine"},"geometry":{"type":"Point","coordinates":[-77.4025,35.8828]}},{"type":"Feature","properties":{"id":"","property":"Swine"},"geometry":{"type":"Point","coordinates":[-77.3781,35.8889]}},{"type":"Feature","properties":{"id":"","property":"Swine"},"geometry":{"type":"Point","coordinates":[-77.3781,35.8889]}},{"type":"Feature","properties":{"id":"","property":"Swine"},"geometry":{"type":"Point","coordinates":[-77.3781,35.8889]}},{"type":"Feature","properties":{"id":"","property":"Swine"},"geometry":{"type":"Point","coordinates":[-77.5508,36.0456]}},{"type":"Feature","properties":{"id":"","property":"Swine"},"geometry":{"type":"Point","coordinates":[-77.5864,36.0256]}},{"type":"Feature","properties":{"id":"","property":"Swine"},"geometry":{"type":"Point","coordinates":[-77.6611,36.1158]}},{"type":"Feature","properties":{"id":"","property":"Swine"},"geometry":{"type":"Point","coordinates":[-77.584966,35.764725]}},{"type":"Feature","properties":{"id":"","property":"Swine"},"geometry":{"type":"Point","coordinates":[-77.6913,35.8957]}},{"type":"Feature","properties":{"id":"","property":"Swine"},"geometry":{"type":"Point","coordinates":[-77.3694,35.8597]}},{"type":"Feature","properties":{"id":"","property":"Swine"},"geometry":{"type":"Point","coordinates":[-77.7723,35.8535]}},{"type":"Feature","properties":{"id":"","property":"Swine"},"geometry":{"type":"Point","coordinates":[-77.6417,35.8114]}},{"type":"Feature","properties":{"id":"","property":"Swine"},"geometry":{"type":"Point","coordinates":[-77.725,35.8464]}},{"type":"Feature","properties":{"id":"","property":"Swine"},"geometry":{"type":"Point","coordinates":[-77.7661,35.8872]}},{"type":"Feature","properties":{"id":"","property":"Swine"},"geometry":{"type":"Point","coordinates":[-77.6965,35.9098]}},{"type":"Feature","properties":{"id":"","property":"Swine"},"geometry":{"type":"Point","coordinates":[-77.780158,35.865372]}},{"type":"Feature","properties":{"id":"","property":"Swine"},"geometry":{"type":"Point","coordinates":[-77.6367,36.0519]}},{"type":"Feature","properties":{"id":"","property":"Swine"},"geometry":{"type":"Point","coordinates":[-77.6367,36.0519]}},{"type":"Feature","properties":{"id":"","property":"Swine"},"geometry":{"type":"Point","coordinates":[-77.6367,36.0519]}},{"type":"Feature","properties":{"id":"","property":"Swine"},"geometry":{"type":"Point","coordinates":[-77.6367,36.0519]}},{"type":"Feature","properties":{"id":"","property":"Swine"},"geometry":{"type":"Point","coordinates":[-77.3992,35.9831]}},{"type":"Feature","properties":{"id":"","property":"Swine"},"geometry":{"type":"Point","coordinates":[-77.5544,36.0344]}},{"type":"Feature","properties":{"id":"","property":"Swine"},"geometry":{"type":"Point","coordinates":[-77.4011,35.8544]}},{"type":"Feature","properties":{"id":"","property":"Swine"},"geometry":{"type":"Point","coordinates":[-77.7169,36.0389]}},{"type":"Feature","properties":{"id":"","property":"Swine"},"geometry":{"type":"Point","coordinates":[-77.7836,35.8511]}},{"type":"Feature","properties":{"id":"","property":"Swine"},"geometry":{"type":"Point","coordinates":[-77.425,36.0244]}},{"type":"Feature","properties":{"id":"","property":"Swine"},"geometry":{"type":"Point","coordinates":[-78.1014,36.0761]}},{"type":"Feature","properties":{"id":"","property":"Swine"},"geometry":{"type":"Point","coordinates":[-78.135,36.0733]}},{"type":"Feature","properties":{"id":"","property":"Swine"},"geometry":{"type":"Point","coordinates":[-78.065,36.1558]}},{"type":"Feature","properties":{"id":"","property":"Swine"},"geometry":{"type":"Point","coordinates":[-76.7072,36.4375]}},{"type":"Feature","properties":{"id":"","property":"Swine"},"geometry":{"type":"Point","coordinates":[-76.6808,36.4919]}},{"type":"Feature","properties":{"id":"","property":"Swine"},"geometry":{"type":"Point","coordinates":[-76.7014,36.3661]}},{"type":"Feature","properties":{"id":"","property":"Swine"},"geometry":{"type":"Point","coordinates":[-76.67016,36.492385]}},{"type":"Feature","properties":{"id":"","property":"Swine"},"geometry":{"type":"Point","coordinates":[-76.7622,36.4175]}},{"type":"Feature","properties":{"id":"","property":"Swine"},"geometry":{"type":"Point","coordinates":[-76.7622,36.4175]}},{"type":"Feature","properties":{"id":"","property":"Swine"},"geometry":{"type":"Point","coordinates":[-76.7622,36.4175]}},{"type":"Feature","properties":{"id":"","property":"Swine"},"geometry":{"type":"Point","coordinates":[-76.7622,36.4175]}},{"type":"Feature","properties":{"id":"","property":"Swine"},"geometry":{"type":"Point","coordinates":[-76.7856,36.475]}},{"type":"Feature","properties":{"id":"","property":"Swine"},"geometry":{"type":"Point","coordinates":[-78.6836,36.4458]}},{"type":"Feature","properties":{"id":"","property":"Swine"},"geometry":{"type":"Point","coordinates":[-77.6622,35.5464]}},{"type":"Feature","properties":{"id":"","property":"Swine"},"geometry":{"type":"Point","coordinates":[-77.63811,35.52436]}},{"type":"Feature","properties":{"id":"","property":"Swine"},"geometry":{"type":"Point","coordinates":[-77.5989,35.5158]}},{"type":"Feature","properties":{"id":"","property":"Swine"},"geometry":{"type":"Point","coordinates":[-77.7056,35.5664]}},{"type":"Feature","properties":{"id":"","property":"Swine"},"geometry":{"type":"Point","coordinates":[-77.5306,35.4411]}},{"type":"Feature","properties":{"id":"","property":"Swine"},"geometry":{"type":"Point","coordinates":[-77.7681,35.4225]}},{"type":"Feature","properties":{"id":"","property":"Swine"},"geometry":{"type":"Point","coordinates":[-77.8153,35.4364]}},{"type":"Feature","properties":{"id":"","property":"Swine"},"geometry":{"type":"Point","coordinates":[-77.71345,35.513606]}},{"type":"Feature","properties":{"id":"","property":"Swine"},"geometry":{"type":"Point","coordinates":[-77.6356,35.4714]}},{"type":"Feature","properties":{"id":"","property":"Swine"},"geometry":{"type":"Point","coordinates":[-77.746925,35.53994]}},{"type":"Feature","properties":{"id":"","property":"Swine"},"geometry":{"type":"Point","coordinates":[-77.5619,35.5333]}},{"type":"Feature","properties":{"id":"","property":"Swine"},"geometry":{"type":"Point","coordinates":[-77.6625,35.3758]}},{"type":"Feature","properties":{"id":"","property":"Swine"},"geometry":{"type":"Point","coordinates":[-77.7239,35.5353]}},{"type":"Feature","properties":{"id":"","property":"Swine"},"geometry":{"type":"Point","coordinates":[-77.764829,35.384717]}},{"type":"Feature","properties":{"id":"","property":"Swine"},"geometry":{"type":"Point","coordinates":[-77.8028,35.4778]}},{"type":"Feature","properties":{"id":"","property":"Swine"},"geometry":{"type":"Point","coordinates":[-77.6311,35.3856]}},{"type":"Feature","properties":{"id":"","property":"Swine"},"geometry":{"type":"Point","coordinates":[-77.58842,35.378939]}},{"type":"Feature","properties":{"id":"","property":"Swine"},"geometry":{"type":"Point","coordinates":[-77.8181,35.5542]}},{"type":"Feature","properties":{"id":"","property":"Swine"},"geometry":{"type":"Point","coordinates":[-77.7206,35.4358]}},{"type":"Feature","properties":{"id":"","property":"Swine"},"geometry":{"type":"Point","coordinates":[-77.6206,35.5219]}},{"type":"Feature","properties":{"id":"","property":"Swine"},"geometry":{"type":"Point","coordinates":[-77.6839,35.52964]}},{"type":"Feature","properties":{"id":"","property":"Swine"},"geometry":{"type":"Point","coordinates":[-77.5819,35.4194]}},{"type":"Feature","properties":{"id":"","property":"Swine"},"geometry":{"type":"Point","coordinates":[-77.5806,35.4783]}},{"type":"Feature","properties":{"id":"","property":"Swine"},"geometry":{"type":"Point","coordinates":[-77.69411,35.53002]}},{"type":"Feature","properties":{"id":"","property":"Swine"},"geometry":{"type":"Point","coordinates":[-77.6903,35.5169]}},{"type":"Feature","properties":{"id":"","property":"Swine"},"geometry":{"type":"Point","coordinates":[-77.7131,35.4372]}},{"type":"Feature","properties":{"id":"","property":"Swine"},"geometry":{"type":"Point","coordinates":[-77.5011,35.4347]}},{"type":"Feature","properties":{"id":"","property":"Swine"},"geometry":{"type":"Point","coordinates":[-77.7292,35.5456]}},{"type":"Feature","properties":{"id":"","property":"Swine"},"geometry":{"type":"Point","coordinates":[-77.6542,35.4425]}},{"type":"Feature","properties":{"id":"","property":"Swine"},"geometry":{"type":"Point","coordinates":[-77.6389,35.4972]}},{"type":"Feature","properties":{"id":"","property":"Swine"},"geometry":{"type":"Point","coordinates":[-77.7722,35.5917]}},{"type":"Feature","properties":{"id":"","property":"Swine"},"geometry":{"type":"Point","coordinates":[-77.7722,35.5917]}},{"type":"Feature","properties":{"id":"","property":"Swine"},"geometry":{"type":"Point","coordinates":[-77.7722,35.5917]}},{"type":"Feature","properties":{"id":"","property":"Swine"},"geometry":{"type":"Point","coordinates":[-77.7408,35.4911]}},{"type":"Feature","properties":{"id":"","property":"Swine"},"geometry":{"type":"Point","coordinates":[-77.764125,35.431413]}},{"type":"Feature","properties":{"id":"","property":"Swine"},"geometry":{"type":"Point","coordinates":[-77.75,35.4256]}},{"type":"Feature","properties":{"id":"","property":"Swine"},"geometry":{"type":"Point","coordinates":[-77.5806,35.4533]}},{"type":"Feature","properties":{"id":"","property":"Swine"},"geometry":{"type":"Point","coordinates":[-77.687275,35.514001]}},{"type":"Feature","properties":{"id":"","property":"Swine"},"geometry":{"type":"Point","coordinates":[-77.7425,35.4758]}},{"type":"Feature","properties":{"id":"","property":"Swine"},"geometry":{"type":"Point","coordinates":[-77.7922,35.4728]}},{"type":"Feature","properties":{"id":"","property":"Swine"},"geometry":{"type":"Point","coordinates":[-77.5464,35.4603]}},{"type":"Feature","properties":{"id":"","property":"Swine"},"geometry":{"type":"Point","coordinates":[-77.5739,35.3839]}},{"type":"Feature","properties":{"id":"","property":"Swine"},"geometry":{"type":"Point","coordinates":[-77.7836,35.4583]}},{"type":"Feature","properties":{"id":"","property":"Swine"},"geometry":{"type":"Point","coordinates":[-77.570149,35.393284]}},{"type":"Feature","properties":{"id":"","property":"Swine"},"geometry":{"type":"Point","coordinates":[-77.683522,35.628242]}},{"type":"Feature","properties":{"id":"","property":"Swine"},"geometry":{"type":"Point","coordinates":[-77.5469,35.4247]}},{"type":"Feature","properties":{"id":"","property":"Swine"},"geometry":{"type":"Point","coordinates":[-77.5881,35.525]}},{"type":"Feature","properties":{"id":"","property":"Swine"},"geometry":{"type":"Point","coordinates":[-77.7906,35.3903]}},{"type":"Feature","properties":{"id":"","property":"Swine"},"geometry":{"type":"Point","coordinates":[-77.7494,35.4056]}},{"type":"Feature","properties":{"id":"","property":"Swine"},"geometry":{"type":"Point","coordinates":[-77.7047,35.6431]}},{"type":"Feature","properties":{"id":"","property":"Swine"},"geometry":{"type":"Point","coordinates":[-77.75,35.4311]}},{"type":"Feature","properties":{"id":"","property":"Swine"},"geometry":{"type":"Point","coordinates":[-77.6347,35.5353]}},{"type":"Feature","properties":{"id":"","property":"Swine"},"geometry":{"type":"Point","coordinates":[-77.6897,35.5081]}},{"type":"Feature","properties":{"id":"","property":"Swine"},"geometry":{"type":"Point","coordinates":[-77.7481,35.4367]}},{"type":"Feature","properties":{"id":"","property":"Swine"},"geometry":{"type":"Point","coordinates":[-77.7517,35.4744]}},{"type":"Feature","properties":{"id":"","property":"Swine"},"geometry":{"type":"Point","coordinates":[-77.5817,35.4011]}},{"type":"Feature","properties":{"id":"","property":"Swine"},"geometry":{"type":"Point","coordinates":[-77.657731,35.392053]}},{"type":"Feature","properties":{"id":"","property":"Swine"},"geometry":{"type":"Point","coordinates":[-77.592801,35.396999]}},{"type":"Feature","properties":{"id":"","property":"Swine"},"geometry":{"type":"Point","coordinates":[-77.667362,35.515032]}},{"type":"Feature","properties":{"id":"","property":"Swine"},"geometry":{"type":"Point","coordinates":[-77.780034,35.427917]}},{"type":"Feature","properties":{"id":"","property":"Swine"},"geometry":{"type":"Point","coordinates":[-77.53364,35.501307]}},{"type":"Feature","properties":{"id":"","property":"Swine"},"geometry":{"type":"Point","coordinates":[-77.665214,35.384138]}},{"type":"Feature","properties":{"id":"","property":"Swine"},"geometry":{"type":"Point","coordinates":[-77.7733,35.48]}},{"type":"Feature","properties":{"id":"","property":"Swine"},"geometry":{"type":"Point","coordinates":[-77.7639,35.4983]}},{"type":"Feature","properties":{"id":"","property":"Swine"},"geometry":{"type":"Point","coordinates":[-77.5819,35.5247]}},{"type":"Feature","properties":{"id":"","property":"Other Animals "},"geometry":{"type":"Point","coordinates":[-77.7967,35.4744]}},{"type":"Feature","properties":{"id":"","property":"Swine"},"geometry":{"type":"Point","coordinates":[-77.7319,35.3847]}},{"type":"Feature","properties":{"id":"","property":"Swine"},"geometry":{"type":"Point","coordinates":[-77.7833,35.5]}},{"type":"Feature","properties":{"id":"","property":"Swine"},"geometry":{"type":"Point","coordinates":[-77.6808,35.5703]}},{"type":"Feature","properties":{"id":"","property":"Swine"},"geometry":{"type":"Point","coordinates":[-77.706229,35.611766]}},{"type":"Feature","properties":{"id":"","property":"Swine"},"geometry":{"type":"Point","coordinates":[-77.5228,35.4756]}},{"type":"Feature","properties":{"id":"","property":"Swine"},"geometry":{"type":"Point","coordinates":[-77.7631,35.4631]}},{"type":"Feature","properties":{"id":"","property":"Swine"},"geometry":{"type":"Point","coordinates":[-77.5067,35.4425]}},{"type":"Feature","properties":{"id":"","property":"Swine"},"geometry":{"type":"Point","coordinates":[-77.6228,35.5344]}},{"type":"Feature","properties":{"id":"","property":"Swine"},"geometry":{"type":"Point","coordinates":[-77.5092,35.4692]}},{"type":"Feature","properties":{"id":"","property":"Swine"},"geometry":{"type":"Point","coordinates":[-77.738728,35.393577]}},{"type":"Feature","properties":{"id":"","property":"Swine"},"geometry":{"type":"Point","coordinates":[-77.6431,35.5175]}},{"type":"Feature","properties":{"id":"","property":"Swine"},"geometry":{"type":"Point","coordinates":[-77.8,35.5114]}},{"type":"Feature","properties":{"id":"","property":"Swine"},"geometry":{"type":"Point","coordinates":[-77.6747,35.3847]}},{"type":"Feature","properties":{"id":"","property":"Swine"},"geometry":{"type":"Point","coordinates":[-77.6103,35.4894]}},{"type":"Feature","properties":{"id":"","property":"Swine"},"geometry":{"type":"Point","coordinates":[-77.6425,35.4986]}},{"type":"Feature","properties":{"id":"","property":"Swine"},"geometry":{"type":"Point","coordinates":[-77.6333,35.5203]}},{"type":"Feature","properties":{"id":"","property":"Swine"},"geometry":{"type":"Point","coordinates":[-77.7447,35.4675]}},{"type":"Feature","properties":{"id":"","property":"Swine"},"geometry":{"type":"Point","coordinates":[-77.7289,35.4408]}},{"type":"Feature","properties":{"id":"","property":"Swine"},"geometry":{"type":"Point","coordinates":[-77.6044,35.515]}},{"type":"Feature","properties":{"id":"","property":"Swine"},"geometry":{"type":"Point","coordinates":[-77.4992,35.4731]}},{"type":"Feature","properties":{"id":"","property":"Swine"},"geometry":{"type":"Point","coordinates":[-77.8058,35.4125]}},{"type":"Feature","properties":{"id":"","property":"Swine"},"geometry":{"type":"Point","coordinates":[-77.5578,35.4633]}},{"type":"Feature","properties":{"id":"","property":"Swine"},"geometry":{"type":"Point","coordinates":[-77.742172,35.532965]}},{"type":"Feature","properties":{"id":"","property":"Swine"},"geometry":{"type":"Point","coordinates":[-77.5236,35.4556]}},{"type":"Feature","properties":{"id":"","property":"Swine"},"geometry":{"type":"Point","coordinates":[-77.7717,35.5]}},{"type":"Feature","properties":{"id":"","property":"Swine"},"geometry":{"type":"Point","coordinates":[-77.77155,35.497062]}},{"type":"Feature","properties":{"id":"","property":"Swine"},"geometry":{"type":"Point","coordinates":[-77.4831,35.4386]}},{"type":"Feature","properties":{"id":"","property":"Swine"},"geometry":{"type":"Point","coordinates":[-77.6583,35.4842]}},{"type":"Feature","properties":{"id":"","property":"Swine"},"geometry":{"type":"Point","coordinates":[-77.515213,35.453608]}},{"type":"Feature","properties":{"id":"","property":"Swine"},"geometry":{"type":"Point","coordinates":[-77.7917,35.5486]}},{"type":"Feature","properties":{"id":"","property":"Swine"},"geometry":{"type":"Point","coordinates":[-77.6995,35.4215]}},{"type":"Feature","properties":{"id":"","property":"Swine"},"geometry":{"type":"Point","coordinates":[-79.7267,36.0667]}},{"type":"Feature","properties":{"id":"","property":"Swine"},"geometry":{"type":"Point","coordinates":[-79.5625,35.9161]}},{"type":"Feature","properties":{"id":"","property":"Swine"},"geometry":{"type":"Point","coordinates":[-77.4272,36.1697]}},{"type":"Feature","properties":{"id":"","property":"Swine"},"geometry":{"type":"Point","coordinates":[-77.504862,36.074517]}},{"type":"Feature","properties":{"id":"","property":"Swine"},"geometry":{"type":"Point","coordinates":[-77.4953,36.0808]}},{"type":"Feature","properties":{"id":"","property":"Swine"},"geometry":{"type":"Point","coordinates":[-77.4097,36.2375]}},{"type":"Feature","properties":{"id":"","property":"Swine"},"geometry":{"type":"Point","coordinates":[-77.39445,36.10079]}},{"type":"Feature","properties":{"id":"","property":"Swine"},"geometry":{"type":"Point","coordinates":[-77.49977,36.225807]}},{"type":"Feature","properties":{"id":"","property":"Swine"},"geometry":{"type":"Point","coordinates":[-77.572891,36.17819]}},{"type":"Feature","properties":{"id":"","property":"Swine"},"geometry":{"type":"Point","coordinates":[-77.37991,36.09983]}},{"type":"Feature","properties":{"id":"","property":"Swine"},"geometry":{"type":"Point","coordinates":[-78.887181,35.389799]}},{"type":"Feature","properties":{"id":"","property":"Swine"},"geometry":{"type":"Point","coordinates":[-78.887181,35.389799]}},{"type":"Feature","properties":{"id":"","property":"Swine"},"geometry":{"type":"Point","coordinates":[-78.970495,35.326079]}},{"type":"Feature","properties":{"id":"","property":"Swine"},"geometry":{"type":"Point","coordinates":[-78.939447,35.295981]}},{"type":"Feature","properties":{"id":"","property":"Swine"},"geometry":{"type":"Point","coordinates":[-79.129535,35.209808]}},{"type":"Feature","properties":{"id":"","property":"Swine"},"geometry":{"type":"Point","coordinates":[-79.129535,35.209808]}},{"type":"Feature","properties":{"id":"","property":"Swine"},"geometry":{"type":"Point","coordinates":[-79.155624,35.256525]}},{"type":"Feature","properties":{"id":"","property":"Swine"},"geometry":{"type":"Point","coordinates":[-78.60824,35.256416]}},{"type":"Feature","properties":{"id":"","property":"Swine"},"geometry":{"type":"Point","coordinates":[-78.60824,35.256416]}},{"type":"Feature","properties":{"id":"","property":"Swine"},"geometry":{"type":"Point","coordinates":[-78.867717,35.434735]}},{"type":"Feature","properties":{"id":"","property":"Swine"},"geometry":{"type":"Point","coordinates":[-78.867717,35.434735]}},{"type":"Feature","properties":{"id":"","property":"Swine"},"geometry":{"type":"Point","coordinates":[-78.640425,35.415255]}},{"type":"Feature","properties":{"id":"","property":"Swine"},"geometry":{"type":"Point","coordinates":[-78.943123,35.322333]}},{"type":"Feature","properties":{"id":"","property":"Swine"},"geometry":{"type":"Point","coordinates":[-78.87369,35.360084]}},{"type":"Feature","properties":{"id":"","property":"Swine"},"geometry":{"type":"Point","coordinates":[-76.728872,36.263051]}},{"type":"Feature","properties":{"id":"","property":"Swine"},"geometry":{"type":"Point","coordinates":[-77.073765,36.359873]}},{"type":"Feature","properties":{"id":"","property":"Swine"},"geometry":{"type":"Point","coordinates":[-76.897024,36.289694]}},{"type":"Feature","properties":{"id":"","property":"Swine"},"geometry":{"type":"Point","coordinates":[-77.149872,36.305346]}},{"type":"Feature","properties":{"id":"","property":"Swine"},"geometry":{"type":"Point","coordinates":[-77.104805,36.370496]}},{"type":"Feature","properties":{"id":"","property":"Swine"},"geometry":{"type":"Point","coordinates":[-76.75,36.2917]}},{"type":"Feature","properties":{"id":"","property":"Swine"},"geometry":{"type":"Point","coordinates":[-79.302844,34.871336]}},{"type":"Feature","properties":{"id":"","property":"Swine"},"geometry":{"type":"Point","coordinates":[-79.201902,34.990383]}},{"type":"Feature","properties":{"id":"","property":"Swine"},"geometry":{"type":"Point","coordinates":[-79.331069,35.03112]}},{"type":"Feature","properties":{"id":"","property":"Swine"},"geometry":{"type":"Point","coordinates":[-79.321647,34.941311]}},{"type":"Feature","properties":{"id":"","property":"Swine"},"geometry":{"type":"Point","coordinates":[-79.389475,34.9985]}},{"type":"Feature","properties":{"id":"","property":"Swine"},"geometry":{"type":"Point","coordinates":[-79.2939,34.848488]}},{"type":"Feature","properties":{"id":"","property":"Swine"},"geometry":{"type":"Point","coordinates":[-79.178894,34.959891]}},{"type":"Feature","properties":{"id":"","property":"Swine"},"geometry":{"type":"Point","coordinates":[-79.304036,34.911666]}},{"type":"Feature","properties":{"id":"","property":"Swine"},"geometry":{"type":"Point","coordinates":[-79.318627,34.8878]}},{"type":"Feature","properties":{"id":"","property":"Swine"},"geometry":{"type":"Point","coordinates":[-79.379233,35.019994]}},{"type":"Feature","properties":{"id":"","property":"Swine"},"geometry":{"type":"Point","coordinates":[-79.318877,34.880166]}},{"type":"Feature","properties":{"id":"","property":"Swine"},"geometry":{"type":"Point","coordinates":[-79.3175,34.914505]}},{"type":"Feature","properties":{"id":"","property":"Swine"},"geometry":{"type":"Point","coordinates":[-79.318591,35.003227]}},{"type":"Feature","properties":{"id":"","property":"Swine"},"geometry":{"type":"Point","coordinates":[-76.58175,35.658175]}},{"type":"Feature","properties":{"id":"","property":"Swine"},"geometry":{"type":"Point","coordinates":[-78.266475,35.694323]}},{"type":"Feature","properties":{"id":"","property":"Swine"},"geometry":{"type":"Point","coordinates":[-78.266475,35.694323]}},{"type":"Feature","properties":{"id":"","property":"Swine"},"geometry":{"type":"Point","coordinates":[-78.266475,35.694323]}},{"type":"Feature","properties":{"id":"","property":"Swine"},"geometry":{"type":"Point","coordinates":[-78.266475,35.694323]}},{"type":"Feature","properties":{"id":"","property":"Swine"},"geometry":{"type":"Point","coordinates":[-78.4361,35.2958]}},{"type":"Feature","properties":{"id":"","property":"Swine"},"geometry":{"type":"Point","coordinates":[-78.4361,35.2958]}},{"type":"Feature","properties":{"id":"","property":"Swine"},"geometry":{"type":"Point","coordinates":[-78.4361,35.2958]}},{"type":"Feature","properties":{"id":"","property":"Swine"},"geometry":{"type":"Point","coordinates":[-78.30552,35.328857]}},{"type":"Feature","properties":{"id":"","property":"Swine"},"geometry":{"type":"Point","coordinates":[-78.368,35.5958]}},{"type":"Feature","properties":{"id":"","property":"Swine"},"geometry":{"type":"Point","coordinates":[-78.368,35.5958]}},{"type":"Feature","properties":{"id":"","property":"Swine"},"geometry":{"type":"Point","coordinates":[-78.548977,35.497472]}},{"type":"Feature","properties":{"id":"","property":"Swine"},"geometry":{"type":"Point","coordinates":[-78.5503,35.5044]}},{"type":"Feature","properties":{"id":"","property":"Swine"},"geometry":{"type":"Point","coordinates":[-78.595486,35.4167]}},{"type":"Feature","properties":{"id":"","property":"Swine"},"geometry":{"type":"Point","coordinates":[-78.2653,35.7892]}},{"type":"Feature","properties":{"id":"","property":"Swine"},"geometry":{"type":"Point","coordinates":[-78.3033,35.2989]}},{"type":"Feature","properties":{"id":"","property":"Swine"},"geometry":{"type":"Point","coordinates":[-78.32,35.2878]}},{"type":"Feature","properties":{"id":"","property":"Swine"},"geometry":{"type":"Point","coordinates":[-78.3936,35.2986]}},{"type":"Feature","properties":{"id":"","property":"Swine"},"geometry":{"type":"Point","coordinates":[-78.374855,35.39191]}},{"type":"Feature","properties":{"id":"","property":"Swine"},"geometry":{"type":"Point","coordinates":[-78.4156,35.3775]}},{"type":"Feature","properties":{"id":"","property":"Swine"},"geometry":{"type":"Point","coordinates":[-78.177169,35.385694]}},{"type":"Feature","properties":{"id":"","property":"Swine"},"geometry":{"type":"Point","coordinates":[-78.177866,35.423767]}},{"type":"Feature","properties":{"id":"","property":"Swine"},"geometry":{"type":"Point","coordinates":[-78.289,35.3214]}},{"type":"Feature","properties":{"id":"","property":"Swine"},"geometry":{"type":"Point","coordinates":[-78.385651,35.364269]}},{"type":"Feature","properties":{"id":"","property":"Swine"},"geometry":{"type":"Point","coordinates":[-78.3206,35.3683]}},{"type":"Feature","properties":{"id":"","property":"Swine"},"geometry":{"type":"Point","coordinates":[-78.315679,35.291383]}},{"type":"Feature","properties":{"id":"","property":"Swine"},"geometry":{"type":"Point","coordinates":[-78.3483,35.5544]}},{"type":"Feature","properties":{"id":"","property":"Swine"},"geometry":{"type":"Point","coordinates":[-78.4633,35.4767]}},{"type":"Feature","properties":{"id":"","property":"Swine"},"geometry":{"type":"Point","coordinates":[-78.239703,35.338583]}},{"type":"Feature","properties":{"id":"","property":"Swine"},"geometry":{"type":"Point","coordinates":[-78.239703,35.338583]}},{"type":"Feature","properties":{"id":"","property":"Swine"},"geometry":{"type":"Point","coordinates":[-78.3379,35.5444]}},{"type":"Feature","properties":{"id":"","property":"Swine"},"geometry":{"type":"Point","coordinates":[-78.469808,35.372244]}},{"type":"Feature","properties":{"id":"","property":"Swine"},"geometry":{"type":"Point","coordinates":[-78.437511,35.354057]}},{"type":"Feature","properties":{"id":"","property":"Swine"},"geometry":{"type":"Point","coordinates":[-78.3416,35.3526]}},{"type":"Feature","properties":{"id":"","property":"Swine"},"geometry":{"type":"Point","coordinates":[-78.3153,35.2925]}},{"type":"Feature","properties":{"id":"","property":"Swine"},"geometry":{"type":"Point","coordinates":[-78.418873,35.283841]}},{"type":"Feature","properties":{"id":"","property":"Swine"},"geometry":{"type":"Point","coordinates":[-78.3811,35.3497]}},{"type":"Feature","properties":{"id":"","property":"Swine"},"geometry":{"type":"Point","coordinates":[-78.3487,35.293]}},{"type":"Feature","properties":{"id":"","property":"Swine"},"geometry":{"type":"Point","coordinates":[-78.5511,35.4153]}},{"type":"Feature","properties":{"id":"","property":"Swine"},"geometry":{"type":"Point","coordinates":[-78.5511,35.4153]}},{"type":"Feature","properties":{"id":"","property":"Swine"},"geometry":{"type":"Point","coordinates":[-78.514883,35.670666]}},{"type":"Feature","properties":{"id":"","property":"Swine"},"geometry":{"type":"Point","coordinates":[-78.514883,35.670666]}},{"type":"Feature","properties":{"id":"","property":"Swine"},"geometry":{"type":"Point","coordinates":[-78.2433,35.7683]}},{"type":"Feature","properties":{"id":"","property":"Swine"},"geometry":{"type":"Point","coordinates":[-78.290888,35.348672]}},{"type":"Feature","properties":{"id":"","property":"Swine"},"geometry":{"type":"Point","coordinates":[-78.367926,35.286416]}},{"type":"Feature","properties":{"id":"","property":"Swine"},"geometry":{"type":"Point","coordinates":[-78.310911,35.292417]}},{"type":"Feature","properties":{"id":"","property":"Swine"},"geometry":{"type":"Point","coordinates":[-78.3742,35.2722]}},{"type":"Feature","properties":{"id":"","property":"Swine"},"geometry":{"type":"Point","coordinates":[-78.4222,35.4042]}},{"type":"Feature","properties":{"id":"","property":"Swine"},"geometry":{"type":"Point","coordinates":[-78.1548,35.5269]}},{"type":"Feature","properties":{"id":"","property":"Swine"},"geometry":{"type":"Point","coordinates":[-78.493216,35.337392]}},{"type":"Feature","properties":{"id":"","property":"Swine"},"geometry":{"type":"Point","coordinates":[-78.4264,35.3264]}},{"type":"Feature","properties":{"id":"","property":"Swine"},"geometry":{"type":"Point","coordinates":[-78.5172,35.4392]}},{"type":"Feature","properties":{"id":"","property":"Swine"},"geometry":{"type":"Point","coordinates":[-78.2688,35.3373]}},{"type":"Feature","properties":{"id":"","property":"Swine"},"geometry":{"type":"Point","coordinates":[-78.536142,35.518516]}},{"type":"Feature","properties":{"id":"","property":"Swine"},"geometry":{"type":"Point","coordinates":[-78.3469,35.3067]}},{"type":"Feature","properties":{"id":"","property":"Swine"},"geometry":{"type":"Point","coordinates":[-78.2861,35.4611]}},{"type":"Feature","properties":{"id":"","property":"Swine"},"geometry":{"type":"Point","coordinates":[-78.34,35.2814]}},{"type":"Feature","properties":{"id":"","property":"Swine"},"geometry":{"type":"Point","coordinates":[-78.2535,35.4505]}},{"type":"Feature","properties":{"id":"","property":"Swine"},"geometry":{"type":"Point","coordinates":[-78.381667,35.348828]}},{"type":"Feature","properties":{"id":"","property":"Swine"},"geometry":{"type":"Point","coordinates":[-77.527289,35.063799]}},{"type":"Feature","properties":{"id":"","property":"Swine"},"geometry":{"type":"Point","coordinates":[-77.2528,35.0714]}},{"type":"Feature","properties":{"id":"","property":"Swine"},"geometry":{"type":"Point","coordinates":[-77.2528,35.0714]}},{"type":"Feature","properties":{"id":"","property":"Swine"},"geometry":{"type":"Point","coordinates":[-77.597362,35.014302]}},{"type":"Feature","properties":{"id":"","property":"Swine"},"geometry":{"type":"Point","coordinates":[-77.5125,34.9894]}},{"type":"Feature","properties":{"id":"","property":"Swine"},"geometry":{"type":"Point","coordinates":[-77.5,35.2]}},{"type":"Feature","properties":{"id":"","property":"Swine"},"geometry":{"type":"Point","coordinates":[-77.54173,35.053766]}},{"type":"Feature","properties":{"id":"","property":"Swine"},"geometry":{"type":"Point","coordinates":[-77.5319,35.125]}},{"type":"Feature","properties":{"id":"","property":"Swine"},"geometry":{"type":"Point","coordinates":[-77.2631,35.0494]}},{"type":"Feature","properties":{"id":"","property":"Swine"},"geometry":{"type":"Point","coordinates":[-77.7214,35.0036]}},{"type":"Feature","properties":{"id":"","property":"Swine"},"geometry":{"type":"Point","coordinates":[-77.6142,35.0125]}},{"type":"Feature","properties":{"id":"","property":"Swine"},"geometry":{"type":"Point","coordinates":[-77.644397,35.032295]}},{"type":"Feature","properties":{"id":"","property":"Swine"},"geometry":{"type":"Point","coordinates":[-77.469773,35.005779]}},{"type":"Feature","properties":{"id":"","property":"Swine"},"geometry":{"type":"Point","coordinates":[-77.3708,34.9181]}},{"type":"Feature","properties":{"id":"","property":"Swine"},"geometry":{"type":"Point","coordinates":[-77.4706,35.1664]}},{"type":"Feature","properties":{"id":"","property":"Swine"},"geometry":{"type":"Point","coordinates":[-77.5653,35.0967]}},{"type":"Feature","properties":{"id":"","property":"Swine"},"geometry":{"type":"Point","coordinates":[-77.554121,35.011976]}},{"type":"Feature","properties":{"id":"","property":"Swine"},"geometry":{"type":"Point","coordinates":[-77.7119,35.0022]}},{"type":"Feature","properties":{"id":"","property":"Swine"},"geometry":{"type":"Point","coordinates":[-77.4744,35.1394]}},{"type":"Feature","properties":{"id":"","property":"Swine"},"geometry":{"type":"Point","coordinates":[-77.56488,34.993099]}},{"type":"Feature","properties":{"id":"","property":"Swine"},"geometry":{"type":"Point","coordinates":[-77.5106,35.1614]}},{"type":"Feature","properties":{"id":"","property":"Swine"},"geometry":{"type":"Point","coordinates":[-77.630019,35.038419]}},{"type":"Feature","properties":{"id":"","property":"Swine"},"geometry":{"type":"Point","coordinates":[-77.575784,35.080569]}},{"type":"Feature","properties":{"id":"","property":"Swine"},"geometry":{"type":"Point","coordinates":[-77.420154,35.070736]}},{"type":"Feature","properties":{"id":"","property":"Swine"},"geometry":{"type":"Point","coordinates":[-77.2917,34.9917]}},{"type":"Feature","properties":{"id":"","property":"Swine"},"geometry":{"type":"Point","coordinates":[-77.6492,35.0036]}},{"type":"Feature","properties":{"id":"","property":"Swine"},"geometry":{"type":"Point","coordinates":[-77.6156,35.0386]}},{"type":"Feature","properties":{"id":"","property":"Swine"},"geometry":{"type":"Point","coordinates":[-77.6156,35.0386]}},{"type":"Feature","properties":{"id":"","property":"Swine"},"geometry":{"type":"Point","coordinates":[-77.5658,35.0781]}},{"type":"Feature","properties":{"id":"","property":"Swine"},"geometry":{"type":"Point","coordinates":[-77.5878,35.0081]}},{"type":"Feature","properties":{"id":"","property":"Swine"},"geometry":{"type":"Point","coordinates":[-77.603148,34.997188]}},{"type":"Feature","properties":{"id":"","property":"Swine"},"geometry":{"type":"Point","coordinates":[-77.3289,35.0114]}},{"type":"Feature","properties":{"id":"","property":"Swine"},"geometry":{"type":"Point","coordinates":[-77.4,35.1064]}},{"type":"Feature","properties":{"id":"","property":"Swine"},"geometry":{"type":"Point","coordinates":[-77.6769,34.9814]}},{"type":"Feature","properties":{"id":"","property":"Swine"},"geometry":{"type":"Point","coordinates":[-77.2889,34.9806]}},{"type":"Feature","properties":{"id":"","property":"Swine"},"geometry":{"type":"Point","coordinates":[-77.2889,34.9806]}},{"type":"Feature","properties":{"id":"","property":"Swine"},"geometry":{"type":"Point","coordinates":[-77.2889,34.9806]}},{"type":"Feature","properties":{"id":"","property":"Swine"},"geometry":{"type":"Point","coordinates":[-77.2994,35.0392]}},{"type":"Feature","properties":{"id":"","property":"Swine"},"geometry":{"type":"Point","coordinates":[-77.4417,35.1417]}},{"type":"Feature","properties":{"id":"","property":"Swine"},"geometry":{"type":"Point","coordinates":[-77.4417,35.1417]}},{"type":"Feature","properties":{"id":"","property":"Swine"},"geometry":{"type":"Point","coordinates":[-77.3947,35.0717]}},{"type":"Feature","properties":{"id":"","property":"Swine"},"geometry":{"type":"Point","coordinates":[-77.3411,35.1278]}},{"type":"Feature","properties":{"id":"","property":"Swine"},"geometry":{"type":"Point","coordinates":[-77.4767,35.2011]}},{"type":"Feature","properties":{"id":"","property":"Swine"},"geometry":{"type":"Point","coordinates":[-77.4383,35.05]}},{"type":"Feature","properties":{"id":"","property":"Swine"},"geometry":{"type":"Point","coordinates":[-77.4383,35.05]}},{"type":"Feature","properties":{"id":"","property":"Swine"},"geometry":{"type":"Point","coordinates":[-77.4383,35.05]}},{"type":"Feature","properties":{"id":"","property":"Swine"},"geometry":{"type":"Point","coordinates":[-77.445,35.0686]}},{"type":"Feature","properties":{"id":"","property":"Swine"},"geometry":{"type":"Point","coordinates":[-77.1,34.8167]}},{"type":"Feature","properties":{"id":"","property":"Swine"},"geometry":{"type":"Point","coordinates":[-77.1,34.8167]}},{"type":"Feature","properties":{"id":"","property":"Swine"},"geometry":{"type":"Point","coordinates":[-79.2175,35.3386]}},{"type":"Feature","properties":{"id":"","property":"Swine"},"geometry":{"type":"Point","coordinates":[-77.675322,35.1028]}},{"type":"Feature","properties":{"id":"","property":"Swine"},"geometry":{"type":"Point","coordinates":[-77.68137,35.1614]}},{"type":"Feature","properties":{"id":"","property":"Swine"},"geometry":{"type":"Point","coordinates":[-77.687272,35.0437]}},{"type":"Feature","properties":{"id":"","property":"Swine"},"geometry":{"type":"Point","coordinates":[-77.66937,35.1715]}},{"type":"Feature","properties":{"id":"","property":"Swine"},"geometry":{"type":"Point","coordinates":[-77.803781,35.1952]}},{"type":"Feature","properties":{"id":"","property":"Swine"},"geometry":{"type":"Point","coordinates":[-77.572836,35.1068]}},{"type":"Feature","properties":{"id":"","property":"Swine"},"geometry":{"type":"Point","coordinates":[-77.785869,35.2065]}},{"type":"Feature","properties":{"id":"","property":"Swine"},"geometry":{"type":"Point","coordinates":[-77.823617,35.2762]}},{"type":"Feature","properties":{"id":"","property":"Swine"},"geometry":{"type":"Point","coordinates":[-77.74995,35.1101]}},{"type":"Feature","properties":{"id":"","property":"Swine"},"geometry":{"type":"Point","coordinates":[-77.819277,35.18]}},{"type":"Feature","properties":{"id":"","property":"Swine"},"geometry":{"type":"Point","coordinates":[-77.613714,35.1817]}},{"type":"Feature","properties":{"id":"","property":"Swine"},"geometry":{"type":"Point","coordinates":[-77.795681,35.2459]}},{"type":"Feature","properties":{"id":"","property":"Swine"},"geometry":{"type":"Point","coordinates":[-77.721622,35.0317]}},{"type":"Feature","properties":{"id":"","property":"Swine"},"geometry":{"type":"Point","coordinates":[-77.678492,35.1072]}},{"type":"Feature","properties":{"id":"","property":"Swine"},"geometry":{"type":"Point","coordinates":[-77.69627,35.1938]}},{"type":"Feature","properties":{"id":"","property":"Swine"},"geometry":{"type":"Point","coordinates":[-77.6528,35.0781]}},{"type":"Feature","properties":{"id":"","property":"Swine"},"geometry":{"type":"Point","coordinates":[-77.679818,35.148547]}},{"type":"Feature","properties":{"id":"","property":"Swine"},"geometry":{"type":"Point","coordinates":[-77.643475,35.1552]}},{"type":"Feature","properties":{"id":"","property":"Swine"},"geometry":{"type":"Point","coordinates":[-77.49934,35.3602]}},{"type":"Feature","properties":{"id":"","property":"Swine"},"geometry":{"type":"Point","coordinates":[-77.58134,35.1193]}},{"type":"Feature","properties":{"id":"","property":"Swine"},"geometry":{"type":"Point","coordinates":[-77.797182,35.1793]}},{"type":"Feature","properties":{"id":"","property":"Swine"},"geometry":{"type":"Point","coordinates":[-77.645961,35.0774]}},{"type":"Feature","properties":{"id":"","property":"Swine"},"geometry":{"type":"Point","coordinates":[-77.65997,35.0743]}},{"type":"Feature","properties":{"id":"","property":"Swine"},"geometry":{"type":"Point","coordinates":[-77.727481,35.1334]}},{"type":"Feature","properties":{"id":"","property":"Swine"},"geometry":{"type":"Point","coordinates":[-77.789983,35.1736]}},{"type":"Feature","properties":{"id":"","property":"Swine"},"geometry":{"type":"Point","coordinates":[-77.46897,35.3133]}},{"type":"Feature","properties":{"id":"","property":"Swine"},"geometry":{"type":"Point","coordinates":[-77.81812,35.1982]}},{"type":"Feature","properties":{"id":"","property":"Swine"},"geometry":{"type":"Point","coordinates":[-77.8228,35.2836]}},{"type":"Feature","properties":{"id":"","property":"Swine"},"geometry":{"type":"Point","coordinates":[-77.579589,35.1541]}},{"type":"Feature","properties":{"id":"","property":"Swine"},"geometry":{"type":"Point","coordinates":[-77.82725,35.288]}},{"type":"Feature","properties":{"id":"","property":"Swine"},"geometry":{"type":"Point","coordinates":[-77.76829,35.2414]}},{"type":"Feature","properties":{"id":"","property":"Swine"},"geometry":{"type":"Point","coordinates":[-77.630926,35.1166]}},{"type":"Feature","properties":{"id":"","property":"Swine"},"geometry":{"type":"Point","coordinates":[-77.6747,35.0544]}},{"type":"Feature","properties":{"id":"","property":"Swine"},"geometry":{"type":"Point","coordinates":[-77.450919,35.3178]}},{"type":"Feature","properties":{"id":"","property":"Swine"},"geometry":{"type":"Point","coordinates":[-77.715494,35.0566]}},{"type":"Feature","properties":{"id":"","property":"Swine"},"geometry":{"type":"Point","coordinates":[-77.657264,35.2279]}},{"type":"Feature","properties":{"id":"","property":"Swine"},"geometry":{"type":"Point","coordinates":[-77.665059,35.1143]}},{"type":"Feature","properties":{"id":"","property":"Swine"},"geometry":{"type":"Point","coordinates":[-77.65184,35.1221]}},{"type":"Feature","properties":{"id":"","property":"Swine"},"geometry":{"type":"Point","coordinates":[-77.72359,35.1591]}},{"type":"Feature","properties":{"id":"","property":"Swine"},"geometry":{"type":"Point","coordinates":[-77.664059,35.1358]}},{"type":"Feature","properties":{"id":"","property":"Swine"},"geometry":{"type":"Point","coordinates":[-77.708511,35.0751]}},{"type":"Feature","properties":{"id":"","property":"Swine"},"geometry":{"type":"Point","coordinates":[-77.723044,35.0657]}},{"type":"Feature","properties":{"id":"","property":"Swine"},"geometry":{"type":"Point","coordinates":[-77.71169,35.1184]}},{"type":"Feature","properties":{"id":"","property":"Swine"},"geometry":{"type":"Point","coordinates":[-77.802633,35.2459]}},{"type":"Feature","properties":{"id":"","property":"Swine"},"geometry":{"type":"Point","coordinates":[-77.60723,35.068941]}},{"type":"Feature","properties":{"id":"","property":"Swine"},"geometry":{"type":"Point","coordinates":[-77.72738,35.1879]}},{"type":"Feature","properties":{"id":"","property":"Swine"},"geometry":{"type":"Point","coordinates":[-77.69798,35.1833]}},{"type":"Feature","properties":{"id":"","property":"Swine"},"geometry":{"type":"Point","coordinates":[-77.705733,35.1692]}},{"type":"Feature","properties":{"id":"","property":"Swine"},"geometry":{"type":"Point","coordinates":[-77.704104,35.1306]}},{"type":"Feature","properties":{"id":"","property":"Swine"},"geometry":{"type":"Point","coordinates":[-77.666883,35.1379]}},{"type":"Feature","properties":{"id":"","property":"Swine"},"geometry":{"type":"Point","coordinates":[-77.659081,35.0993]}},{"type":"Feature","properties":{"id":"","property":"Swine"},"geometry":{"type":"Point","coordinates":[-77.673764,35.0752]}},{"type":"Feature","properties":{"id":"","property":"Swine"},"geometry":{"type":"Point","coordinates":[-77.67927,35.1422]}},{"type":"Feature","properties":{"id":"","property":"Swine"},"geometry":{"type":"Point","coordinates":[-77.59008,35.1144]}},{"type":"Feature","properties":{"id":"","property":"Swine"},"geometry":{"type":"Point","coordinates":[-77.76255,35.135]}},{"type":"Feature","properties":{"id":"","property":"Swine"},"geometry":{"type":"Point","coordinates":[-77.82282,35.1884]}},{"type":"Feature","properties":{"id":"","property":"Swine"},"geometry":{"type":"Point","coordinates":[-77.827856,35.1826]}},{"type":"Feature","properties":{"id":"","property":"Swine"},"geometry":{"type":"Point","coordinates":[-77.822606,35.255]}},{"type":"Feature","properties":{"id":"","property":"Swine"},"geometry":{"type":"Point","coordinates":[-77.70691,35.0888]}},{"type":"Feature","properties":{"id":"","property":"Swine"},"geometry":{"type":"Point","coordinates":[-77.619475,35.3694]}},{"type":"Feature","properties":{"id":"","property":"Swine"},"geometry":{"type":"Point","coordinates":[-77.460614,35.2765]}},{"type":"Feature","properties":{"id":"","property":"Swine"},"geometry":{"type":"Point","coordinates":[-77.6667,35.0994]}},{"type":"Feature","properties":{"id":"","property":"Swine"},"geometry":{"type":"Point","coordinates":[-77.82763,35.1813]}},{"type":"Feature","properties":{"id":"","property":"Swine"},"geometry":{"type":"Point","coordinates":[-77.6606,35.0509]}},{"type":"Feature","properties":{"id":"","property":"Swine"},"geometry":{"type":"Point","coordinates":[-77.799262,35.164538]}},{"type":"Feature","properties":{"id":"","property":"Swine"},"geometry":{"type":"Point","coordinates":[-77.673877,35.132]}},{"type":"Feature","properties":{"id":"","property":"Swine"},"geometry":{"type":"Point","coordinates":[-77.685467,35.0734]}},{"type":"Feature","properties":{"id":"","property":"Swine"},"geometry":{"type":"Point","coordinates":[-77.59586,35.1315]}},{"type":"Feature","properties":{"id":"","property":"Swine"},"geometry":{"type":"Point","coordinates":[-77.221698,35.836863]}},{"type":"Feature","properties":{"id":"","property":"Swine"},"geometry":{"type":"Point","coordinates":[-77.138489,35.8783]}},{"type":"Feature","properties":{"id":"","property":"Swine"},"geometry":{"type":"Point","coordinates":[-79.852234,35.441603]}},{"type":"Feature","properties":{"id":"","property":"Swine"},"geometry":{"type":"Point","coordinates":[-79.920948,35.219273]}},{"type":"Feature","properties":{"id":"","property":"Swine"},"geometry":{"type":"Point","coordinates":[-79.70309,35.200845]}},{"type":"Feature","properties":{"id":"","property":"Swine"},"geometry":{"type":"Point","coordinates":[-79.635713,35.324344]}},{"type":"Feature","properties":{"id":"","property":"Swine"},"geometry":{"type":"Point","coordinates":[-79.6475,35.46908]}},{"type":"Feature","properties":{"id":"","property":"Swine"},"geometry":{"type":"Point","coordinates":[-79.6475,35.46908]}},{"type":"Feature","properties":{"id":"","property":"Swine"},"geometry":{"type":"Point","coordinates":[-79.475536,35.451186]}},{"type":"Feature","properties":{"id":"","property":"Swine"},"geometry":{"type":"Point","coordinates":[-79.594513,35.474744]}},{"type":"Feature","properties":{"id":"","property":"Swine"},"geometry":{"type":"Point","coordinates":[-79.54136,35.348368]}},{"type":"Feature","properties":{"id":"","property":"Swine"},"geometry":{"type":"Point","coordinates":[-79.625661,35.317805]}},{"type":"Feature","properties":{"id":"","property":"Swine"},"geometry":{"type":"Point","coordinates":[-79.640622,35.321075]}},{"type":"Feature","properties":{"id":"","property":"Swine"},"geometry":{"type":"Point","coordinates":[-79.645658,35.325533]}},{"type":"Feature","properties":{"id":"","property":"Swine"},"geometry":{"type":"Point","coordinates":[-79.452463,35.400741]}},{"type":"Feature","properties":{"id":"","property":"Swine"},"geometry":{"type":"Point","coordinates":[-77.9583,36.1]}},{"type":"Feature","properties":{"id":"","property":"Swine"},"geometry":{"type":"Point","coordinates":[-77.990785,36.046542]}},{"type":"Feature","properties":{"id":"","property":"Swine"},"geometry":{"type":"Point","coordinates":[-78.0167,36.1056]}},{"type":"Feature","properties":{"id":"","property":"Swine"},"geometry":{"type":"Point","coordinates":[-78.0961,36.0147]}},{"type":"Feature","properties":{"id":"","property":"Swine"},"geometry":{"type":"Point","coordinates":[-78.2278,35.7647]}},{"type":"Feature","properties":{"id":"","property":"Swine"},"geometry":{"type":"Point","coordinates":[-78.0839,36.0008]}},{"type":"Feature","properties":{"id":"","property":"Swine"},"geometry":{"type":"Point","coordinates":[-77.945636,35.931487]}},{"type":"Feature","properties":{"id":"","property":"Swine"},"geometry":{"type":"Point","coordinates":[-78.1358,35.8568]}},{"type":"Feature","properties":{"id":"","property":"Swine"},"geometry":{"type":"Point","coordinates":[-78.2361,35.7672]}},{"type":"Feature","properties":{"id":"","property":"Swine"},"geometry":{"type":"Point","coordinates":[-78.2361,35.7672]}},{"type":"Feature","properties":{"id":"","property":"Swine"},"geometry":{"type":"Point","coordinates":[-77.9617,35.9022]}},{"type":"Feature","properties":{"id":"","property":"Swine"},"geometry":{"type":"Point","coordinates":[-77.495467,36.488599]}},{"type":"Feature","properties":{"id":"","property":"Swine"},"geometry":{"type":"Point","coordinates":[-77.1353,36.4772]}},{"type":"Feature","properties":{"id":"","property":"Swine"},"geometry":{"type":"Point","coordinates":[-77.357719,36.320323]}},{"type":"Feature","properties":{"id":"","property":"Swine"},"geometry":{"type":"Point","coordinates":[-77.3981,36.49]}},{"type":"Feature","properties":{"id":"","property":"Swine"},"geometry":{"type":"Point","coordinates":[-77.4272,36.3433]}},{"type":"Feature","properties":{"id":"","property":"Swine"},"geometry":{"type":"Point","coordinates":[-77.3633,36.44]}},{"type":"Feature","properties":{"id":"","property":"Swine"},"geometry":{"type":"Point","coordinates":[-77.2731,36.3983]}},{"type":"Feature","properties":{"id":"","property":"Swine"},"geometry":{"type":"Point","coordinates":[-77.277254,36.374509]}},{"type":"Feature","properties":{"id":"","property":"Swine"},"geometry":{"type":"Point","coordinates":[-77.2647,36.3647]}},{"type":"Feature","properties":{"id":"","property":"Swine"},"geometry":{"type":"Point","coordinates":[-77.2514,36.3181]}},{"type":"Feature","properties":{"id":"","property":"Swine"},"geometry":{"type":"Point","coordinates":[-77.3583,36.3306]}},{"type":"Feature","properties":{"id":"","property":"Swine"},"geometry":{"type":"Point","coordinates":[-77.2178,36.2481]}},{"type":"Feature","properties":{"id":"","property":"Swine"},"geometry":{"type":"Point","coordinates":[-77.2178,36.2481]}},{"type":"Feature","properties":{"id":"","property":"Swine"},"geometry":{"type":"Point","coordinates":[-77.5906,34.8603]}},{"type":"Feature","properties":{"id":"","property":"Swine"},"geometry":{"type":"Point","coordinates":[-77.274138,34.84017]}},{"type":"Feature","properties":{"id":"","property":"Swine"},"geometry":{"type":"Point","coordinates":[-77.4967,34.8389]}},{"type":"Feature","properties":{"id":"","property":"Swine"},"geometry":{"type":"Point","coordinates":[-77.5461,34.9128]}},{"type":"Feature","properties":{"id":"","property":"Swine"},"geometry":{"type":"Point","coordinates":[-77.5644,34.9347]}},{"type":"Feature","properties":{"id":"","property":"Swine"},"geometry":{"type":"Point","coordinates":[-77.6108,34.8964]}},{"type":"Feature","properties":{"id":"","property":"Swine"},"geometry":{"type":"Point","coordinates":[-77.5603,34.9269]}},{"type":"Feature","properties":{"id":"","property":"Swine"},"geometry":{"type":"Point","coordinates":[-77.647225,34.979573]}},{"type":"Feature","properties":{"id":"","property":"Swine"},"geometry":{"type":"Point","coordinates":[-77.647225,34.979573]}},{"type":"Feature","properties":{"id":"","property":"Swine"},"geometry":{"type":"Point","coordinates":[-77.62,34.9139]}},{"type":"Feature","properties":{"id":"","property":"Swine"},"geometry":{"type":"Point","coordinates":[-77.6375,34.9708]}},{"type":"Feature","properties":{"id":"","property":"Swine"},"geometry":{"type":"Point","coordinates":[-77.5381,34.9319]}},{"type":"Feature","properties":{"id":"","property":"Swine"},"geometry":{"type":"Point","coordinates":[-77.5169,34.9075]}},{"type":"Feature","properties":{"id":"","property":"Swine"},"geometry":{"type":"Point","coordinates":[-77.6467,34.8033]}},{"type":"Feature","properties":{"id":"","property":"Swine"},"geometry":{"type":"Point","coordinates":[-77.4792,34.8181]}},{"type":"Feature","properties":{"id":"","property":"Swine"},"geometry":{"type":"Point","coordinates":[-77.621219,34.92998]}},{"type":"Feature","properties":{"id":"","property":"Swine"},"geometry":{"type":"Point","coordinates":[-77.6186,34.6636]}},{"type":"Feature","properties":{"id":"","property":"Swine"},"geometry":{"type":"Point","coordinates":[-77.6186,34.6636]}},{"type":"Feature","properties":{"id":"","property":"Swine"},"geometry":{"type":"Point","coordinates":[-77.6186,34.6636]}},{"type":"Feature","properties":{"id":"","property":"Swine"},"geometry":{"type":"Point","coordinates":[-77.6714,34.9725]}},{"type":"Feature","properties":{"id":"","property":"Swine"},"geometry":{"type":"Point","coordinates":[-77.5617,34.68]}},{"type":"Feature","properties":{"id":"","property":"Swine"},"geometry":{"type":"Point","coordinates":[-77.6056,34.7633]}},{"type":"Feature","properties":{"id":"","property":"Swine"},"geometry":{"type":"Point","coordinates":[-77.6683,34.8133]}},{"type":"Feature","properties":{"id":"","property":"Swine"},"geometry":{"type":"Point","coordinates":[-77.485023,34.823485]}},{"type":"Feature","properties":{"id":"","property":"Swine"},"geometry":{"type":"Point","coordinates":[-77.6306,34.8272]}},{"type":"Feature","properties":{"id":"","property":"Swine"},"geometry":{"type":"Point","coordinates":[-77.552439,34.948989]}},{"type":"Feature","properties":{"id":"","property":"Swine"},"geometry":{"type":"Point","coordinates":[-77.5389,34.9353]}},{"type":"Feature","properties":{"id":"","property":"Swine"},"geometry":{"type":"Point","coordinates":[-77.5494,34.9564]}},{"type":"Feature","properties":{"id":"","property":"Swine"},"geometry":{"type":"Point","coordinates":[-77.5319,34.7208]}},{"type":"Feature","properties":{"id":"","property":"Swine"},"geometry":{"type":"Point","coordinates":[-77.6094,34.6503]}},{"type":"Feature","properties":{"id":"","property":"Swine"},"geometry":{"type":"Point","coordinates":[-77.6261,34.7872]}},{"type":"Feature","properties":{"id":"","property":"Swine"},"geometry":{"type":"Point","coordinates":[-77.570315,34.792999]}},{"type":"Feature","properties":{"id":"","property":"Swine"},"geometry":{"type":"Point","coordinates":[-77.5172,34.9119]}},{"type":"Feature","properties":{"id":"","property":"Swine"},"geometry":{"type":"Point","coordinates":[-77.6614,34.7508]}},{"type":"Feature","properties":{"id":"","property":"Swine"},"geometry":{"type":"Point","coordinates":[-77.5333,34.7386]}},{"type":"Feature","properties":{"id":"","property":"Swine"},"geometry":{"type":"Point","coordinates":[-77.5778,34.9525]}},{"type":"Feature","properties":{"id":"","property":"Swine"},"geometry":{"type":"Point","coordinates":[-77.6267,34.8267]}},{"type":"Feature","properties":{"id":"","property":"Swine"},"geometry":{"type":"Point","coordinates":[-77.6453,34.8736]}},{"type":"Feature","properties":{"id":"","property":"Swine"},"geometry":{"type":"Point","coordinates":[-77.6111,34.6386]}},{"type":"Feature","properties":{"id":"","property":"Swine"},"geometry":{"type":"Point","coordinates":[-77.5919,34.5269]}},{"type":"Feature","properties":{"id":"","property":"Swine"},"geometry":{"type":"Point","coordinates":[-77.5689,34.8822]}},{"type":"Feature","properties":{"id":"","property":"Swine"},"geometry":{"type":"Point","coordinates":[-77.6211,34.8989]}},{"type":"Feature","properties":{"id":"","property":"Swine"},"geometry":{"type":"Point","coordinates":[-77.2006,34.8086]}},{"type":"Feature","properties":{"id":"","property":"Swine"},"geometry":{"type":"Point","coordinates":[-77.6625,34.8192]}},{"type":"Feature","properties":{"id":"","property":"Swine"},"geometry":{"type":"Point","coordinates":[-77.6375,34.9192]}},{"type":"Feature","properties":{"id":"","property":"Swine"},"geometry":{"type":"Point","coordinates":[-77.4272,34.8403]}},{"type":"Feature","properties":{"id":"","property":"Swine"},"geometry":{"type":"Point","coordinates":[-77.5678,34.7258]}},{"type":"Feature","properties":{"id":"","property":"Swine"},"geometry":{"type":"Point","coordinates":[-77.6239,34.7464]}},{"type":"Feature","properties":{"id":"","property":"Swine"},"geometry":{"type":"Point","coordinates":[-77.6106,34.9431]}},{"type":"Feature","properties":{"id":"","property":"Swine"},"geometry":{"type":"Point","coordinates":[-77.657671,34.766264]}},{"type":"Feature","properties":{"id":"","property":"Swine"},"geometry":{"type":"Point","coordinates":[-77.6044,34.9236]}},{"type":"Feature","properties":{"id":"","property":"Swine"},"geometry":{"type":"Point","coordinates":[-79.0625,36.2292]}},{"type":"Feature","properties":{"id":"","property":"Swine"},"geometry":{"type":"Point","coordinates":[-76.3542,36.4236]}},{"type":"Feature","properties":{"id":"","property":"Swine"},"geometry":{"type":"Point","coordinates":[-76.2097,36.2503]}},{"type":"Feature","properties":{"id":"","property":"Swine"},"geometry":{"type":"Point","coordinates":[-77.7236,34.7139]}},{"type":"Feature","properties":{"id":"","property":"Swine"},"geometry":{"type":"Point","coordinates":[-77.664202,34.687644]}},{"type":"Feature","properties":{"id":"","property":"Swine"},"geometry":{"type":"Point","coordinates":[-77.9825,34.605]}},{"type":"Feature","properties":{"id":"","property":"Swine"},"geometry":{"type":"Point","coordinates":[-78.068863,34.659743]}},{"type":"Feature","properties":{"id":"","property":"Swine"},"geometry":{"type":"Point","coordinates":[-78.029041,34.655438]}},{"type":"Feature","properties":{"id":"","property":"Swine"},"geometry":{"type":"Point","coordinates":[-78.130436,34.648402]}},{"type":"Feature","properties":{"id":"","property":"Swine"},"geometry":{"type":"Point","coordinates":[-77.939896,34.615669]}},{"type":"Feature","properties":{"id":"","property":"Swine"},"geometry":{"type":"Point","coordinates":[-77.939896,34.615669]}},{"type":"Feature","properties":{"id":"","property":"Swine"},"geometry":{"type":"Point","coordinates":[-77.939896,34.615669]}},{"type":"Feature","properties":{"id":"","property":"Swine"},"geometry":{"type":"Point","coordinates":[-77.70339,34.69476]}},{"type":"Feature","properties":{"id":"","property":"Swine"},"geometry":{"type":"Point","coordinates":[-77.9428,34.7106]}},{"type":"Feature","properties":{"id":"","property":"Swine"},"geometry":{"type":"Point","coordinates":[-78.0572,34.5717]}},{"type":"Feature","properties":{"id":"","property":"Swine"},"geometry":{"type":"Point","coordinates":[-78.15,34.6333]}},{"type":"Feature","properties":{"id":"","property":"Swine"},"geometry":{"type":"Point","coordinates":[-78.072767,34.676294]}},{"type":"Feature","properties":{"id":"","property":"Swine"},"geometry":{"type":"Point","coordinates":[-78.0514,34.6381]}},{"type":"Feature","properties":{"id":"","property":"Swine"},"geometry":{"type":"Point","coordinates":[-78.137293,34.645167]}},{"type":"Feature","properties":{"id":"","property":"Swine"},"geometry":{"type":"Point","coordinates":[-78.146632,34.525724]}},{"type":"Feature","properties":{"id":"","property":"Swine"},"geometry":{"type":"Point","coordinates":[-77.9269,34.6642]}},{"type":"Feature","properties":{"id":"","property":"Swine"},"geometry":{"type":"Point","coordinates":[-77.9606,34.4444]}},{"type":"Feature","properties":{"id":"","property":"Swine"},"geometry":{"type":"Point","coordinates":[-78.1639,34.4931]}},{"type":"Feature","properties":{"id":"","property":"Swine"},"geometry":{"type":"Point","coordinates":[-77.9639,34.4917]}},{"type":"Feature","properties":{"id":"","property":"Swine"},"geometry":{"type":"Point","coordinates":[-77.958058,34.453066]}},{"type":"Feature","properties":{"id":"","property":"Swine"},"geometry":{"type":"Point","coordinates":[-77.851604,34.473138]}},{"type":"Feature","properties":{"id":"","property":"Swine"},"geometry":{"type":"Point","coordinates":[-78.013989,34.515964]}},{"type":"Feature","properties":{"id":"","property":"Swine"},"geometry":{"type":"Point","coordinates":[-78.007546,34.582057]}},{"type":"Feature","properties":{"id":"","property":"Swine"},"geometry":{"type":"Point","coordinates":[-78.1408,34.4928]}},{"type":"Feature","properties":{"id":"","property":"Swine"},"geometry":{"type":"Point","coordinates":[-78.1044,34.62]}},{"type":"Feature","properties":{"id":"","property":"Swine"},"geometry":{"type":"Point","coordinates":[-77.99223,34.704857]}},{"type":"Feature","properties":{"id":"","property":"Swine"},"geometry":{"type":"Point","coordinates":[-77.9519,34.6431]}},{"type":"Feature","properties":{"id":"","property":"Swine"},"geometry":{"type":"Point","coordinates":[-77.9689,34.6042]}},{"type":"Feature","properties":{"id":"","property":"Swine"},"geometry":{"type":"Point","coordinates":[-77.938011,34.582087]}},{"type":"Feature","properties":{"id":"","property":"Swine"},"geometry":{"type":"Point","coordinates":[-78.179587,34.561192]}},{"type":"Feature","properties":{"id":"","property":"Swine"},"geometry":{"type":"Point","coordinates":[-78.037408,34.552039]}},{"type":"Feature","properties":{"id":"","property":"Swine"},"geometry":{"type":"Point","coordinates":[-77.9611,34.6725]}},{"type":"Feature","properties":{"id":"","property":"Swine"},"geometry":{"type":"Point","coordinates":[-78.048355,34.484102]}},{"type":"Feature","properties":{"id":"","property":"Swine"},"geometry":{"type":"Point","coordinates":[-77.985361,34.693892]}},{"type":"Feature","properties":{"id":"","property":"Swine"},"geometry":{"type":"Point","coordinates":[-77.7342,34.695]}},{"type":"Feature","properties":{"id":"","property":"Swine"},"geometry":{"type":"Point","coordinates":[-78.1575,34.5911]}},{"type":"Feature","properties":{"id":"","property":"Swine"},"geometry":{"type":"Point","coordinates":[-78.1575,34.5911]}},{"type":"Feature","properties":{"id":"","property":"Swine"},"geometry":{"type":"Point","coordinates":[-78.1575,34.5911]}},{"type":"Feature","properties":{"id":"","property":"Swine"},"geometry":{"type":"Point","coordinates":[-77.9917,34.5]}},{"type":"Feature","properties":{"id":"","property":"Swine"},"geometry":{"type":"Point","coordinates":[-78.1428,34.5925]}},{"type":"Feature","properties":{"id":"","property":"Swine"},"geometry":{"type":"Point","coordinates":[-78.1428,34.5925]}},{"type":"Feature","properties":{"id":"","property":"Swine"},"geometry":{"type":"Point","coordinates":[-78.1428,34.5925]}},{"type":"Feature","properties":{"id":"","property":"Swine"},"geometry":{"type":"Point","coordinates":[-77.9481,34.6258]}},{"type":"Feature","properties":{"id":"","property":"Swine"},"geometry":{"type":"Point","coordinates":[-77.8317,34.6131]}},{"type":"Feature","properties":{"id":"","property":"Swine"},"geometry":{"type":"Point","coordinates":[-78.0292,34.45]}},{"type":"Feature","properties":{"id":"","property":"Swine"},"geometry":{"type":"Point","coordinates":[-78.0833,34.7083]}},{"type":"Feature","properties":{"id":"","property":"Swine"},"geometry":{"type":"Point","coordinates":[-78.1411,34.6511]}},{"type":"Feature","properties":{"id":"","property":"Swine"},"geometry":{"type":"Point","coordinates":[-78.0742,34.5728]}},{"type":"Feature","properties":{"id":"","property":"Swine"},"geometry":{"type":"Point","coordinates":[-77.765691,34.44276]}},{"type":"Feature","properties":{"id":"","property":"Swine"},"geometry":{"type":"Point","coordinates":[-77.971353,34.670825]}},{"type":"Feature","properties":{"id":"","property":"Swine"},"geometry":{"type":"Point","coordinates":[-77.8667,34.5325]}},{"type":"Feature","properties":{"id":"","property":"Swine"},"geometry":{"type":"Point","coordinates":[-78.0833,34.7083]}},{"type":"Feature","properties":{"id":"","property":"Swine"},"geometry":{"type":"Point","coordinates":[-78.085,34.5797]}},{"type":"Feature","properties":{"id":"","property":"Swine"},"geometry":{"type":"Point","coordinates":[-78.1703,34.5019]}},{"type":"Feature","properties":{"id":"","property":"Swine"},"geometry":{"type":"Point","coordinates":[-77.9636,34.6686]}},{"type":"Feature","properties":{"id":"","property":"Swine"},"geometry":{"type":"Point","coordinates":[-78.095868,34.652137]}},{"type":"Feature","properties":{"id":"","property":"Swine"},"geometry":{"type":"Point","coordinates":[-78.095868,34.652137]}},{"type":"Feature","properties":{"id":"","property":"Swine"},"geometry":{"type":"Point","coordinates":[-78.095868,34.652137]}},{"type":"Feature","properties":{"id":"","property":"Swine"},"geometry":{"type":"Point","coordinates":[-78.1228,34.6431]}},{"type":"Feature","properties":{"id":"","property":"Swine"},"geometry":{"type":"Point","coordinates":[-76.4794,36.1089]}},{"type":"Feature","properties":{"id":"","property":"Swine"},"geometry":{"type":"Point","coordinates":[-76.4794,36.1089]}},{"type":"Feature","properties":{"id":"","property":"Swine"},"geometry":{"type":"Point","coordinates":[-76.4794,36.1089]}},{"type":"Feature","properties":{"id":"","property":"Swine"},"geometry":{"type":"Point","coordinates":[-76.5542,36.2475]}},{"type":"Feature","properties":{"id":"","property":"Swine"},"geometry":{"type":"Point","coordinates":[-76.5542,36.2475]}},{"type":"Feature","properties":{"id":"","property":"Swine"},"geometry":{"type":"Point","coordinates":[-76.5197,36.3411]}},{"type":"Feature","properties":{"id":"","property":"Swine"},"geometry":{"type":"Point","coordinates":[-78.845,36.3372]}},{"type":"Feature","properties":{"id":"","property":"Swine"},"geometry":{"type":"Point","coordinates":[-78.845,36.3372]}},{"type":"Feature","properties":{"id":"","property":"Swine"},"geometry":{"type":"Point","coordinates":[-79.0053,36.3253]}},{"type":"Feature","properties":{"id":"","property":"Swine"},"geometry":{"type":"Point","coordinates":[-79.0053,36.3253]}},{"type":"Feature","properties":{"id":"","property":"Swine"},"geometry":{"type":"Point","coordinates":[-79.0053,36.3253]}},{"type":"Feature","properties":{"id":"","property":"Swine"},"geometry":{"type":"Point","coordinates":[-78.8833,36.3214]}},{"type":"Feature","properties":{"id":"","property":"Swine"},"geometry":{"type":"Point","coordinates":[-79.0122,36.265]}},{"type":"Feature","properties":{"id":"","property":"Swine"},"geometry":{"type":"Point","coordinates":[-78.9142,36.4247]}},{"type":"Feature","properties":{"id":"","property":"Swine"},"geometry":{"type":"Point","coordinates":[-78.9142,36.4247]}},{"type":"Feature","properties":{"id":"","property":"Swine"},"geometry":{"type":"Point","coordinates":[-77.3506,35.3994]}},{"type":"Feature","properties":{"id":"","property":"Swine"},"geometry":{"type":"Point","coordinates":[-77.5504,35.6885]}},{"type":"Feature","properties":{"id":"","property":"Swine"},"geometry":{"type":"Point","coordinates":[-77.37902,35.7408]}},{"type":"Feature","properties":{"id":"","property":"Swine"},"geometry":{"type":"Point","coordinates":[-77.495872,35.4858]}},{"type":"Feature","properties":{"id":"","property":"Swine"},"geometry":{"type":"Point","coordinates":[-77.469289,35.5405]}},{"type":"Feature","properties":{"id":"","property":"Swine"},"geometry":{"type":"Point","coordinates":[-77.250548,35.5212]}},{"type":"Feature","properties":{"id":"","property":"Swine"},"geometry":{"type":"Point","coordinates":[-77.17735,35.5471]}},{"type":"Feature","properties":{"id":"","property":"Swine"},"geometry":{"type":"Point","coordinates":[-77.24615,35.5293]}},{"type":"Feature","properties":{"id":"","property":"Swine"},"geometry":{"type":"Point","coordinates":[-77.280296,35.4757]}},{"type":"Feature","properties":{"id":"","property":"Swine"},"geometry":{"type":"Point","coordinates":[-77.254873,35.443035]}},{"type":"Feature","properties":{"id":"","property":"Swine"},"geometry":{"type":"Point","coordinates":[-77.293328,35.4686]}},{"type":"Feature","properties":{"id":"","property":"Swine"},"geometry":{"type":"Point","coordinates":[-77.547789,35.5994]}},{"type":"Feature","properties":{"id":"","property":"Swine"},"geometry":{"type":"Point","coordinates":[-77.357386,35.4213]}},{"type":"Feature","properties":{"id":"","property":"Swine"},"geometry":{"type":"Point","coordinates":[-77.212539,35.5316]}},{"type":"Feature","properties":{"id":"","property":"Swine"},"geometry":{"type":"Point","coordinates":[-77.218633,35.5578]}},{"type":"Feature","properties":{"id":"","property":"Swine"},"geometry":{"type":"Point","coordinates":[-77.21278,35.5182]}},{"type":"Feature","properties":{"id":"","property":"Swine"},"geometry":{"type":"Point","coordinates":[-77.245761,35.4628]}},{"type":"Feature","properties":{"id":"","property":"Swine"},"geometry":{"type":"Point","coordinates":[-77.214719,35.5717]}},{"type":"Feature","properties":{"id":"","property":"Swine"},"geometry":{"type":"Point","coordinates":[-77.265367,35.5133]}},{"type":"Feature","properties":{"id":"","property":"Swine"},"geometry":{"type":"Point","coordinates":[-77.182633,35.5356]}},{"type":"Feature","properties":{"id":"","property":"Swine"},"geometry":{"type":"Point","coordinates":[-77.569477,35.7244]}},{"type":"Feature","properties":{"id":"","property":"Swine"},"geometry":{"type":"Point","coordinates":[-77.589396,35.6296]}},{"type":"Feature","properties":{"id":"","property":"Swine"},"geometry":{"type":"Point","coordinates":[-77.285547,35.7448]}},{"type":"Feature","properties":{"id":"","property":"Swine"},"geometry":{"type":"Point","coordinates":[-77.24484,35.5368]}},{"type":"Feature","properties":{"id":"","property":"Swine"},"geometry":{"type":"Point","coordinates":[-77.31802,35.3666]}},{"type":"Feature","properties":{"id":"","property":"Swine"},"geometry":{"type":"Point","coordinates":[-77.297383,35.4028]}},{"type":"Feature","properties":{"id":"","property":"Swine"},"geometry":{"type":"Point","coordinates":[-77.32543,35.4074]}},{"type":"Feature","properties":{"id":"","property":"Swine"},"geometry":{"type":"Point","coordinates":[-77.315733,35.4253]}},{"type":"Feature","properties":{"id":"","property":"Swine"},"geometry":{"type":"Point","coordinates":[-77.261906,35.4209]}},{"type":"Feature","properties":{"id":"","property":"Swine"},"geometry":{"type":"Point","coordinates":[-77.631889,35.6849]}},{"type":"Feature","properties":{"id":"","property":"Swine"},"geometry":{"type":"Point","coordinates":[-77.65016,35.6131]}},{"type":"Feature","properties":{"id":"","property":"Swine"},"geometry":{"type":"Point","coordinates":[-77.65016,35.6131]}},{"type":"Feature","properties":{"id":"","property":"Swine"},"geometry":{"type":"Point","coordinates":[-77.239761,35.4454]}},{"type":"Feature","properties":{"id":"","property":"Swine"},"geometry":{"type":"Point","coordinates":[-77.67607,35.6394]}},{"type":"Feature","properties":{"id":"","property":"Swine"},"geometry":{"type":"Point","coordinates":[-77.242211,35.5164]}},{"type":"Feature","properties":{"id":"","property":"Swine"},"geometry":{"type":"Point","coordinates":[-77.442768,35.733]}},{"type":"Feature","properties":{"id":"","property":"Swine"},"geometry":{"type":"Point","coordinates":[-77.328572,35.4586]}},{"type":"Feature","properties":{"id":"","property":"Swine"},"geometry":{"type":"Point","coordinates":[-77.185781,35.525]}},{"type":"Feature","properties":{"id":"","property":"Swine"},"geometry":{"type":"Point","coordinates":[-77.59196,35.6437]}},{"type":"Feature","properties":{"id":"","property":"Swine"},"geometry":{"type":"Point","coordinates":[-77.58801,35.6465]}},{"type":"Feature","properties":{"id":"","property":"Swine"},"geometry":{"type":"Point","coordinates":[-77.22048,35.4054]}},{"type":"Feature","properties":{"id":"","property":"Swine"},"geometry":{"type":"Point","coordinates":[-77.325167,35.471]}},{"type":"Feature","properties":{"id":"","property":"Swine"},"geometry":{"type":"Point","coordinates":[-77.174836,35.5283]}},{"type":"Feature","properties":{"id":"","property":"Swine"},"geometry":{"type":"Point","coordinates":[-77.170136,35.5407]}},{"type":"Feature","properties":{"id":"","property":"Swine"},"geometry":{"type":"Point","coordinates":[-77.435944,35.8039]}},{"type":"Feature","properties":{"id":"","property":"Swine"},"geometry":{"type":"Point","coordinates":[-77.345144,35.756]}},{"type":"Feature","properties":{"id":"","property":"Swine"},"geometry":{"type":"Point","coordinates":[-79.6153,35.6208]}},{"type":"Feature","properties":{"id":"","property":"Swine"},"geometry":{"type":"Point","coordinates":[-79.6931,35.5639]}},{"type":"Feature","properties":{"id":"","property":"Swine"},"geometry":{"type":"Point","coordinates":[-79.575,35.6328]}},{"type":"Feature","properties":{"id":"","property":"Swine"},"geometry":{"type":"Point","coordinates":[-79.575,35.6328]}},{"type":"Feature","properties":{"id":"","property":"Swine"},"geometry":{"type":"Point","coordinates":[-79.6233,35.6992]}},{"type":"Feature","properties":{"id":"","property":"Swine"},"geometry":{"type":"Point","coordinates":[-79.8917,35.8303]}},{"type":"Feature","properties":{"id":"","property":"Swine"},"geometry":{"type":"Point","coordinates":[-79.5964,35.775]}},{"type":"Feature","properties":{"id":"","property":"Swine"},"geometry":{"type":"Point","coordinates":[-79.787142,35.089817]}},{"type":"Feature","properties":{"id":"","property":"Swine"},"geometry":{"type":"Point","coordinates":[-79.631233,34.971361]}},{"type":"Feature","properties":{"id":"","property":"Swine"},"geometry":{"type":"Point","coordinates":[-79.631233,34.971361]}},{"type":"Feature","properties":{"id":"","property":"Swine"},"geometry":{"type":"Point","coordinates":[-79.9883,35.102819]}},{"type":"Feature","properties":{"id":"","property":"Swine"},"geometry":{"type":"Point","coordinates":[-79.798583,35.133706]}},{"type":"Feature","properties":{"id":"","property":"Swine"},"geometry":{"type":"Point","coordinates":[-79.791964,35.076925]}},{"type":"Feature","properties":{"id":"","property":"Swine"},"geometry":{"type":"Point","coordinates":[-79.648636,34.825883]}},{"type":"Feature","properties":{"id":"","property":"Swine"},"geometry":{"type":"Point","coordinates":[-79.721867,35.11705]}},{"type":"Feature","properties":{"id":"","property":"Swine"},"geometry":{"type":"Point","coordinates":[-79.714497,35.011134]}},{"type":"Feature","properties":{"id":"","property":"Swine"},"geometry":{"type":"Point","coordinates":[-79.607281,35.120261]}},{"type":"Feature","properties":{"id":"","property":"Swine"},"geometry":{"type":"Point","coordinates":[-79.8206,35.8739]}},{"type":"Feature","properties":{"id":"","property":"Swine"},"geometry":{"type":"Point","coordinates":[-79.624617,34.960864]}},{"type":"Feature","properties":{"id":"","property":"Swine"},"geometry":{"type":"Point","coordinates":[-79.62795,34.942814]}},{"type":"Feature","properties":{"id":"","property":"Swine"},"geometry":{"type":"Point","coordinates":[-79.271278,34.8298]}},{"type":"Feature","properties":{"id":"","property":"Swine"},"geometry":{"type":"Point","coordinates":[-79.363381,34.652847]}},{"type":"Feature","properties":{"id":"","property":"Swine"},"geometry":{"type":"Point","coordinates":[-79.22415,34.815175]}},{"type":"Feature","properties":{"id":"","property":"Swine"},"geometry":{"type":"Point","coordinates":[-79.145228,34.833453]}},{"type":"Feature","properties":{"id":"","property":"Swine"},"geometry":{"type":"Point","coordinates":[-79.377925,34.600053]}},{"type":"Feature","properties":{"id":"","property":"Swine"},"geometry":{"type":"Point","coordinates":[-78.943675,34.825428]}},{"type":"Feature","properties":{"id":"","property":"Swine"},"geometry":{"type":"Point","coordinates":[-78.943675,34.825428]}},{"type":"Feature","properties":{"id":"","property":"Swine"},"geometry":{"type":"Point","coordinates":[-78.943675,34.825428]}},{"type":"Feature","properties":{"id":"","property":"Swine"},"geometry":{"type":"Point","coordinates":[-79.190111,34.507897]}},{"type":"Feature","properties":{"id":"","property":"Swine"},"geometry":{"type":"Point","coordinates":[-79.208794,34.54525]}},{"type":"Feature","properties":{"id":"","property":"Swine"},"geometry":{"type":"Point","coordinates":[-79.228247,34.513906]}},{"type":"Feature","properties":{"id":"","property":"Swine"},"geometry":{"type":"Point","coordinates":[-79.216078,34.432219]}},{"type":"Feature","properties":{"id":"","property":"Swine"},"geometry":{"type":"Point","coordinates":[-79.187742,34.436486]}},{"type":"Feature","properties":{"id":"","property":"Swine"},"geometry":{"type":"Point","coordinates":[-79.436017,34.63885]}},{"type":"Feature","properties":{"id":"","property":"Swine"},"geometry":{"type":"Point","coordinates":[-79.085872,34.380206]}},{"type":"Feature","properties":{"id":"","property":"Swine"},"geometry":{"type":"Point","coordinates":[-78.956739,34.746594]}},{"type":"Feature","properties":{"id":"","property":"Swine"},"geometry":{"type":"Point","coordinates":[-79.424869,34.643167]}},{"type":"Feature","properties":{"id":"","property":"Swine"},"geometry":{"type":"Point","coordinates":[-79.127033,34.864336]}},{"type":"Feature","properties":{"id":"","property":"Swine"},"geometry":{"type":"Point","coordinates":[-79.214233,34.502811]}},{"type":"Feature","properties":{"id":"","property":"Swine"},"geometry":{"type":"Point","coordinates":[-79.364689,34.614917]}},{"type":"Feature","properties":{"id":"","property":"Swine"},"geometry":{"type":"Point","coordinates":[-79.202408,34.450056]}},{"type":"Feature","properties":{"id":"","property":"Swine"},"geometry":{"type":"Point","coordinates":[-79.080517,34.359981]}},{"type":"Feature","properties":{"id":"","property":"Swine"},"geometry":{"type":"Point","coordinates":[-79.324092,34.605803]}},{"type":"Feature","properties":{"id":"","property":"Swine"},"geometry":{"type":"Point","coordinates":[-78.855461,34.663386]}},{"type":"Feature","properties":{"id":"","property":"Swine"},"geometry":{"type":"Point","coordinates":[-79.298228,34.819406]}},{"type":"Feature","properties":{"id":"","property":"Swine"},"geometry":{"type":"Point","coordinates":[-79.031806,34.400117]}},{"type":"Feature","properties":{"id":"","property":"Swine"},"geometry":{"type":"Point","coordinates":[-78.995794,34.482286]}},{"type":"Feature","properties":{"id":"","property":"Swine"},"geometry":{"type":"Point","coordinates":[-79.316325,34.537992]}},{"type":"Feature","properties":{"id":"","property":"Swine"},"geometry":{"type":"Point","coordinates":[-78.918181,34.835858]}},{"type":"Feature","properties":{"id":"","property":"Swine"},"geometry":{"type":"Point","coordinates":[-79.140328,34.378431]}},{"type":"Feature","properties":{"id":"","property":"Swine"},"geometry":{"type":"Point","coordinates":[-79.167694,34.442981]}},{"type":"Feature","properties":{"id":"","property":"Swine"},"geometry":{"type":"Point","coordinates":[-79.311294,34.639692]}},{"type":"Feature","properties":{"id":"","property":"Swine"},"geometry":{"type":"Point","coordinates":[-79.320242,34.556811]}},{"type":"Feature","properties":{"id":"","property":"Swine"},"geometry":{"type":"Point","coordinates":[-79.206414,34.521639]}},{"type":"Feature","properties":{"id":"","property":"Swine"},"geometry":{"type":"Point","coordinates":[-79.3788,34.693547]}},{"type":"Feature","properties":{"id":"","property":"Swine"},"geometry":{"type":"Point","coordinates":[-79.03845,34.412647]}},{"type":"Feature","properties":{"id":"","property":"Swine"},"geometry":{"type":"Point","coordinates":[-78.978691,34.902158]}},{"type":"Feature","properties":{"id":"","property":"Swine"},"geometry":{"type":"Point","coordinates":[-79.053233,34.926703]}},{"type":"Feature","properties":{"id":"","property":"Swine"},"geometry":{"type":"Point","coordinates":[-78.859472,34.616589]}},{"type":"Feature","properties":{"id":"","property":"Swine"},"geometry":{"type":"Point","coordinates":[-79.012822,34.789342]}},{"type":"Feature","properties":{"id":"","property":"Swine"},"geometry":{"type":"Point","coordinates":[-79.280308,34.78055]}},{"type":"Feature","properties":{"id":"","property":"Swine"},"geometry":{"type":"Point","coordinates":[-79.161942,34.437667]}},{"type":"Feature","properties":{"id":"","property":"Swine"},"geometry":{"type":"Point","coordinates":[-79.149075,34.751078]}},{"type":"Feature","properties":{"id":"","property":"Swine"},"geometry":{"type":"Point","coordinates":[-79.149075,34.751078]}},{"type":"Feature","properties":{"id":"","property":"Swine"},"geometry":{"type":"Point","coordinates":[-79.342,34.693053]}},{"type":"Feature","properties":{"id":"","property":"Swine"},"geometry":{"type":"Point","coordinates":[-79.390653,34.624506]}},{"type":"Feature","properties":{"id":"","property":"Swine"},"geometry":{"type":"Point","coordinates":[-79.128642,34.452944]}},{"type":"Feature","properties":{"id":"","property":"Swine"},"geometry":{"type":"Point","coordinates":[-79.230856,34.471731]}},{"type":"Feature","properties":{"id":"","property":"Swine"},"geometry":{"type":"Point","coordinates":[-79.235828,34.468236]}},{"type":"Feature","properties":{"id":"","property":"Swine"},"geometry":{"type":"Point","coordinates":[-79.228192,34.484069]}},{"type":"Feature","properties":{"id":"","property":"Swine"},"geometry":{"type":"Point","coordinates":[-78.917589,34.745044]}},{"type":"Feature","properties":{"id":"","property":"Swine"},"geometry":{"type":"Point","coordinates":[-79.328994,34.697453]}},{"type":"Feature","properties":{"id":"","property":"Swine"},"geometry":{"type":"Point","coordinates":[-79.244253,34.465586]}},{"type":"Feature","properties":{"id":"","property":"Swine"},"geometry":{"type":"Point","coordinates":[-79.6161,36.2731]}},{"type":"Feature","properties":{"id":"","property":"Swine"},"geometry":{"type":"Point","coordinates":[-80.37289,35.669319]}},{"type":"Feature","properties":{"id":"","property":"Swine"},"geometry":{"type":"Point","coordinates":[-78.573733,35.061044]}},{"type":"Feature","properties":{"id":"","property":"Swine"},"geometry":{"type":"Point","coordinates":[-78.262294,35.079011]}},{"type":"Feature","properties":{"id":"","property":"Swine"},"geometry":{"type":"Point","coordinates":[-78.46858,34.87642]}},{"type":"Feature","properties":{"id":"","property":"Swine"},"geometry":{"type":"Point","coordinates":[-78.195061,34.841025]}},{"type":"Feature","properties":{"id":"","property":"Swine"},"geometry":{"type":"Point","coordinates":[-78.21666,34.818638]}},{"type":"Feature","properties":{"id":"","property":"Swine"},"geometry":{"type":"Point","coordinates":[-78.497657,34.911041]}},{"type":"Feature","properties":{"id":"","property":"Swine"},"geometry":{"type":"Point","coordinates":[-78.237938,34.707683]}},{"type":"Feature","properties":{"id":"","property":"Swine"},"geometry":{"type":"Point","coordinates":[-78.323372,35.23293]}},{"type":"Feature","properties":{"id":"","property":"Swine"},"geometry":{"type":"Point","coordinates":[-78.323372,35.23293]}},{"type":"Feature","properties":{"id":"","property":"Swine"},"geometry":{"type":"Point","coordinates":[-78.215205,35.053366]}},{"type":"Feature","properties":{"id":"","property":"Swine"},"geometry":{"type":"Point","coordinates":[-78.198888,34.910183]}},{"type":"Feature","properties":{"id":"","property":"Swine"},"geometry":{"type":"Point","coordinates":[-78.402063,35.005394]}},{"type":"Feature","properties":{"id":"","property":"Swine"},"geometry":{"type":"Point","coordinates":[-78.251505,35.199114]}},{"type":"Feature","properties":{"id":"","property":"Swine"},"geometry":{"type":"Point","coordinates":[-78.458086,35.065069]}},{"type":"Feature","properties":{"id":"","property":"Swine"},"geometry":{"type":"Point","coordinates":[-78.232719,34.9454]}},{"type":"Feature","properties":{"id":"","property":"Swine"},"geometry":{"type":"Point","coordinates":[-78.202006,35.086484]}},{"type":"Feature","properties":{"id":"","property":"Swine"},"geometry":{"type":"Point","coordinates":[-78.286508,35.057061]}},{"type":"Feature","properties":{"id":"","property":"Swine"},"geometry":{"type":"Point","coordinates":[-78.258875,35.020527]}},{"type":"Feature","properties":{"id":"","property":"Swine"},"geometry":{"type":"Point","coordinates":[-78.231486,34.747738]}},{"type":"Feature","properties":{"id":"","property":"Swine"},"geometry":{"type":"Point","coordinates":[-78.333272,34.725155]}},{"type":"Feature","properties":{"id":"","property":"Swine"},"geometry":{"type":"Point","coordinates":[-78.273688,34.869797]}},{"type":"Feature","properties":{"id":"","property":"Swine"},"geometry":{"type":"Point","coordinates":[-78.247361,34.768025]}},{"type":"Feature","properties":{"id":"","property":"Swine"},"geometry":{"type":"Point","coordinates":[-78.456755,34.893916]}},{"type":"Feature","properties":{"id":"","property":"Swine"},"geometry":{"type":"Point","coordinates":[-78.215322,34.676142]}},{"type":"Feature","properties":{"id":"","property":"Swine"},"geometry":{"type":"Point","coordinates":[-78.363875,35.031189]}},{"type":"Feature","properties":{"id":"","property":"Swine"},"geometry":{"type":"Point","coordinates":[-78.241102,34.954292]}},{"type":"Feature","properties":{"id":"","property":"Swine"},"geometry":{"type":"Point","coordinates":[-78.301391,34.650147]}},{"type":"Feature","properties":{"id":"","property":"Swine"},"geometry":{"type":"Point","coordinates":[-78.426333,35.113408]}},{"type":"Feature","properties":{"id":"","property":"Swine"},"geometry":{"type":"Point","coordinates":[-78.180858,34.688263]}},{"type":"Feature","properties":{"id":"","property":"Swine"},"geometry":{"type":"Point","coordinates":[-78.472502,35.140816]}},{"type":"Feature","properties":{"id":"","property":"Swine"},"geometry":{"type":"Point","coordinates":[-78.313866,34.918169]}},{"type":"Feature","properties":{"id":"","property":"Swine"},"geometry":{"type":"Point","coordinates":[-78.263377,35.144411]}},{"type":"Feature","properties":{"id":"","property":"Swine"},"geometry":{"type":"Point","coordinates":[-78.263377,35.144411]}},{"type":"Feature","properties":{"id":"","property":"Swine"},"geometry":{"type":"Point","coordinates":[-78.402786,35.200558]}},{"type":"Feature","properties":{"id":"","property":"Swine"},"geometry":{"type":"Point","coordinates":[-78.268677,34.82633]}},{"type":"Feature","properties":{"id":"","property":"Swine"},"geometry":{"type":"Point","coordinates":[-78.343058,34.893419]}},{"type":"Feature","properties":{"id":"","property":"Swine"},"geometry":{"type":"Point","coordinates":[-78.561236,34.945919]}},{"type":"Feature","properties":{"id":"","property":"Swine"},"geometry":{"type":"Point","coordinates":[-78.327516,34.942966]}},{"type":"Feature","properties":{"id":"","property":"Swine"},"geometry":{"type":"Point","coordinates":[-78.489938,35.057755]}},{"type":"Feature","properties":{"id":"","property":"Swine"},"geometry":{"type":"Point","coordinates":[-78.422633,34.828975]}},{"type":"Feature","properties":{"id":"","property":"Swine"},"geometry":{"type":"Point","coordinates":[-78.204442,35.124922]}},{"type":"Feature","properties":{"id":"","property":"Swine"},"geometry":{"type":"Point","coordinates":[-78.251475,35.153827]}},{"type":"Feature","properties":{"id":"","property":"Swine"},"geometry":{"type":"Point","coordinates":[-78.271872,35.084158]}},{"type":"Feature","properties":{"id":"","property":"Swine"},"geometry":{"type":"Point","coordinates":[-78.271872,35.084158]}},{"type":"Feature","properties":{"id":"","property":"Swine"},"geometry":{"type":"Point","coordinates":[-78.367883,35.015522]}},{"type":"Feature","properties":{"id":"","property":"Swine"},"geometry":{"type":"Point","coordinates":[-78.261291,34.971797]}},{"type":"Feature","properties":{"id":"","property":"Swine"},"geometry":{"type":"Point","coordinates":[-78.414197,35.052836]}},{"type":"Feature","properties":{"id":"","property":"Swine"},"geometry":{"type":"Point","coordinates":[-78.505519,35.133108]}},{"type":"Feature","properties":{"id":"","property":"Swine"},"geometry":{"type":"Point","coordinates":[-78.358683,35.218236]}},{"type":"Feature","properties":{"id":"","property":"Swine"},"geometry":{"type":"Point","coordinates":[-78.358683,35.218236]}},{"type":"Feature","properties":{"id":"","property":"Swine"},"geometry":{"type":"Point","coordinates":[-78.358683,35.218236]}},{"type":"Feature","properties":{"id":"","property":"Swine"},"geometry":{"type":"Point","coordinates":[-78.285463,35.1138]}},{"type":"Feature","properties":{"id":"","property":"Swine"},"geometry":{"type":"Point","coordinates":[-78.393583,34.947375]}},{"type":"Feature","properties":{"id":"","property":"Swine"},"geometry":{"type":"Point","coordinates":[-78.404236,34.820805]}},{"type":"Feature","properties":{"id":"","property":"Swine"},"geometry":{"type":"Point","coordinates":[-78.5597,35.091933]}},{"type":"Feature","properties":{"id":"","property":"Swine"},"geometry":{"type":"Point","coordinates":[-78.454947,35.024211]}},{"type":"Feature","properties":{"id":"","property":"Swine"},"geometry":{"type":"Point","coordinates":[-78.250152,34.884905]}},{"type":"Feature","properties":{"id":"","property":"Swine"},"geometry":{"type":"Point","coordinates":[-78.189213,34.866922]}},{"type":"Feature","properties":{"id":"","property":"Swine"},"geometry":{"type":"Point","coordinates":[-78.400119,35.155972]}},{"type":"Feature","properties":{"id":"","property":"Swine"},"geometry":{"type":"Point","coordinates":[-78.368911,34.950247]}},{"type":"Feature","properties":{"id":"","property":"Swine"},"geometry":{"type":"Point","coordinates":[-78.492827,35.122205]}},{"type":"Feature","properties":{"id":"","property":"Swine"},"geometry":{"type":"Point","coordinates":[-78.52493,35.216161]}},{"type":"Feature","properties":{"id":"","property":"Swine"},"geometry":{"type":"Point","coordinates":[-78.260161,35.063672]}},{"type":"Feature","properties":{"id":"","property":"Swine"},"geometry":{"type":"Point","coordinates":[-78.334152,35.110047]}},{"type":"Feature","properties":{"id":"","property":"Swine"},"geometry":{"type":"Point","coordinates":[-78.268916,35.128738]}},{"type":"Feature","properties":{"id":"","property":"Swine"},"geometry":{"type":"Point","coordinates":[-78.253847,35.103125]}},{"type":"Feature","properties":{"id":"","property":"Swine"},"geometry":{"type":"Point","coordinates":[-78.495897,35.165155]}},{"type":"Feature","properties":{"id":"","property":"Swine"},"geometry":{"type":"Point","coordinates":[-78.259211,34.857469]}},{"type":"Feature","properties":{"id":"","property":"Swine"},"geometry":{"type":"Point","coordinates":[-78.213786,35.157627]}},{"type":"Feature","properties":{"id":"","property":"Swine"},"geometry":{"type":"Point","coordinates":[-78.257447,35.029413]}},{"type":"Feature","properties":{"id":"","property":"Swine"},"geometry":{"type":"Point","coordinates":[-78.259775,35.04808]}},{"type":"Feature","properties":{"id":"","property":"Swine"},"geometry":{"type":"Point","coordinates":[-78.340536,35.170761]}},{"type":"Feature","properties":{"id":"","property":"Swine"},"geometry":{"type":"Point","coordinates":[-78.321011,35.206019]}},{"type":"Feature","properties":{"id":"","property":"Swine"},"geometry":{"type":"Point","coordinates":[-78.443755,35.160558]}},{"type":"Feature","properties":{"id":"","property":"Swine"},"geometry":{"type":"Point","coordinates":[-78.426333,35.063052]}},{"type":"Feature","properties":{"id":"","property":"Swine"},"geometry":{"type":"Point","coordinates":[-78.308205,34.876325]}},{"type":"Feature","properties":{"id":"","property":"Swine"},"geometry":{"type":"Point","coordinates":[-78.446711,35.008583]}},{"type":"Feature","properties":{"id":"","property":"Swine"},"geometry":{"type":"Point","coordinates":[-78.219686,34.633913]}},{"type":"Feature","properties":{"id":"","property":"Swine"},"geometry":{"type":"Point","coordinates":[-78.502125,35.167463]}},{"type":"Feature","properties":{"id":"","property":"Swine"},"geometry":{"type":"Point","coordinates":[-78.207386,34.946275]}},{"type":"Feature","properties":{"id":"","property":"Swine"},"geometry":{"type":"Point","coordinates":[-78.2688,34.863211]}},{"type":"Feature","properties":{"id":"","property":"Swine"},"geometry":{"type":"Point","coordinates":[-78.433202,35.168972]}},{"type":"Feature","properties":{"id":"","property":"Swine"},"geometry":{"type":"Point","coordinates":[-78.29793,34.914686]}},{"type":"Feature","properties":{"id":"","property":"Swine"},"geometry":{"type":"Point","coordinates":[-78.412788,35.127869]}},{"type":"Feature","properties":{"id":"","property":"Swine"},"geometry":{"type":"Point","coordinates":[-78.275555,34.876038]}},{"type":"Feature","properties":{"id":"","property":"Swine"},"geometry":{"type":"Point","coordinates":[-78.477533,35.133438]}},{"type":"Feature","properties":{"id":"","property":"Swine"},"geometry":{"type":"Point","coordinates":[-78.303444,34.876658]}},{"type":"Feature","properties":{"id":"","property":"Swine"},"geometry":{"type":"Point","coordinates":[-78.163125,34.981477]}},{"type":"Feature","properties":{"id":"","property":"Swine"},"geometry":{"type":"Point","coordinates":[-78.296514,35.126217]}},{"type":"Feature","properties":{"id":"","property":"Swine"},"geometry":{"type":"Point","coordinates":[-78.396286,34.944211]}},{"type":"Feature","properties":{"id":"","property":"Swine"},"geometry":{"type":"Point","coordinates":[-78.256578,35.094889]}},{"type":"Feature","properties":{"id":"","property":"Swine"},"geometry":{"type":"Point","coordinates":[-78.400047,35.233688]}},{"type":"Feature","properties":{"id":"","property":"Swine"},"geometry":{"type":"Point","coordinates":[-78.223655,34.839036]}},{"type":"Feature","properties":{"id":"","property":"Swine"},"geometry":{"type":"Point","coordinates":[-78.223655,34.839036]}},{"type":"Feature","properties":{"id":"","property":"Swine"},"geometry":{"type":"Point","coordinates":[-78.223655,34.839036]}},{"type":"Feature","properties":{"id":"","property":"Swine"},"geometry":{"type":"Point","coordinates":[-78.278372,35.041283]}},{"type":"Feature","properties":{"id":"","property":"Swine"},"geometry":{"type":"Point","coordinates":[-78.434222,35.102286]}},{"type":"Feature","properties":{"id":"","property":"Swine"},"geometry":{"type":"Point","coordinates":[-78.336297,34.866238]}},{"type":"Feature","properties":{"id":"","property":"Swine"},"geometry":{"type":"Point","coordinates":[-78.460292,35.0845]}},{"type":"Feature","properties":{"id":"","property":"Swine"},"geometry":{"type":"Point","coordinates":[-78.345675,34.809119]}},{"type":"Feature","properties":{"id":"","property":"Swine"},"geometry":{"type":"Point","coordinates":[-78.452088,34.869727]}},{"type":"Feature","properties":{"id":"","property":"Swine"},"geometry":{"type":"Point","coordinates":[-78.412806,34.844958]}},{"type":"Feature","properties":{"id":"","property":"Swine"},"geometry":{"type":"Point","coordinates":[-78.339738,34.83895]}},{"type":"Feature","properties":{"id":"","property":"Swine"},"geometry":{"type":"Point","coordinates":[-78.342133,34.880494]}},{"type":"Feature","properties":{"id":"","property":"Swine"},"geometry":{"type":"Point","coordinates":[-78.275555,34.793608]}},{"type":"Feature","properties":{"id":"","property":"Swine"},"geometry":{"type":"Point","coordinates":[-78.275555,34.793608]}},{"type":"Feature","properties":{"id":"","property":"Swine"},"geometry":{"type":"Point","coordinates":[-78.275555,34.793608]}},{"type":"Feature","properties":{"id":"","property":"Swine"},"geometry":{"type":"Point","coordinates":[-78.338267,34.692025]}},{"type":"Feature","properties":{"id":"","property":"Swine"},"geometry":{"type":"Point","coordinates":[-78.338267,34.692025]}},{"type":"Feature","properties":{"id":"","property":"Swine"},"geometry":{"type":"Point","coordinates":[-78.338267,34.692025]}},{"type":"Feature","properties":{"id":"","property":"Swine"},"geometry":{"type":"Point","coordinates":[-78.223441,34.899091]}},{"type":"Feature","properties":{"id":"","property":"Swine"},"geometry":{"type":"Point","coordinates":[-78.218111,35.066822]}},{"type":"Feature","properties":{"id":"","property":"Swine"},"geometry":{"type":"Point","coordinates":[-78.547755,34.929424]}},{"type":"Feature","properties":{"id":"","property":"Swine"},"geometry":{"type":"Point","coordinates":[-78.526344,34.919256]}},{"type":"Feature","properties":{"id":"","property":"Swine"},"geometry":{"type":"Point","coordinates":[-78.435888,34.824497]}},{"type":"Feature","properties":{"id":"","property":"Swine"},"geometry":{"type":"Point","coordinates":[-78.621833,35.108919]}},{"type":"Feature","properties":{"id":"","property":"Swine"},"geometry":{"type":"Point","coordinates":[-78.492144,35.137619]}},{"type":"Feature","properties":{"id":"","property":"Swine"},"geometry":{"type":"Point","coordinates":[-78.362256,35.129314]}},{"type":"Feature","properties":{"id":"","property":"Swine"},"geometry":{"type":"Point","coordinates":[-78.458055,35.119063]}},{"type":"Feature","properties":{"id":"","property":"Swine"},"geometry":{"type":"Point","coordinates":[-78.458055,35.119063]}},{"type":"Feature","properties":{"id":"","property":"Swine"},"geometry":{"type":"Point","coordinates":[-78.391363,35.080911]}},{"type":"Feature","properties":{"id":"","property":"Swine"},"geometry":{"type":"Point","coordinates":[-78.33758,34.906958]}},{"type":"Feature","properties":{"id":"","property":"Swine"},"geometry":{"type":"Point","coordinates":[-78.249397,34.750425]}},{"type":"Feature","properties":{"id":"","property":"Swine"},"geometry":{"type":"Point","coordinates":[-78.249397,34.750425]}},{"type":"Feature","properties":{"id":"","property":"Swine"},"geometry":{"type":"Point","coordinates":[-78.249397,34.750425]}},{"type":"Feature","properties":{"id":"","property":"Swine"},"geometry":{"type":"Point","coordinates":[-78.368047,35.117086]}},{"type":"Feature","properties":{"id":"","property":"Swine"},"geometry":{"type":"Point","coordinates":[-78.607555,35.090805]}},{"type":"Feature","properties":{"id":"","property":"Swine"},"geometry":{"type":"Point","coordinates":[-78.182586,35.204991]}},{"type":"Feature","properties":{"id":"","property":"Swine"},"geometry":{"type":"Point","coordinates":[-78.29143,35.240255]}},{"type":"Feature","properties":{"id":"","property":"Swine"},"geometry":{"type":"Point","coordinates":[-78.427588,35.083344]}},{"type":"Feature","properties":{"id":"","property":"Swine"},"geometry":{"type":"Point","coordinates":[-78.413719,35.108847]}},{"type":"Feature","properties":{"id":"","property":"Swine"},"geometry":{"type":"Point","coordinates":[-78.415997,34.960713]}},{"type":"Feature","properties":{"id":"","property":"Swine"},"geometry":{"type":"Point","coordinates":[-78.330761,34.757302]}},{"type":"Feature","properties":{"id":"","property":"Swine"},"geometry":{"type":"Point","coordinates":[-78.318566,35.153327]}},{"type":"Feature","properties":{"id":"","property":"Swine"},"geometry":{"type":"Point","coordinates":[-78.324188,35.164083]}},{"type":"Feature","properties":{"id":"","property":"Swine"},"geometry":{"type":"Point","coordinates":[-78.3455,35.141017]}},{"type":"Feature","properties":{"id":"","property":"Swine"},"geometry":{"type":"Point","coordinates":[-78.475666,34.933299]}},{"type":"Feature","properties":{"id":"","property":"Swine"},"geometry":{"type":"Point","coordinates":[-78.197536,35.003086]}},{"type":"Feature","properties":{"id":"","property":"Swine"},"geometry":{"type":"Point","coordinates":[-78.358497,35.122242]}},{"type":"Feature","properties":{"id":"","property":"Swine"},"geometry":{"type":"Point","coordinates":[-78.225744,35.130194]}},{"type":"Feature","properties":{"id":"","property":"Swine"},"geometry":{"type":"Point","coordinates":[-78.283166,34.90988]}},{"type":"Feature","properties":{"id":"","property":"Swine"},"geometry":{"type":"Point","coordinates":[-78.249452,35.087561]}},{"type":"Feature","properties":{"id":"","property":"Swine"},"geometry":{"type":"Point","coordinates":[-78.423061,34.932827]}},{"type":"Feature","properties":{"id":"","property":"Swine"},"geometry":{"type":"Point","coordinates":[-78.269952,35.089922]}},{"type":"Feature","properties":{"id":"","property":"Swine"},"geometry":{"type":"Point","coordinates":[-78.251286,34.723905]}},{"type":"Feature","properties":{"id":"","property":"Swine"},"geometry":{"type":"Point","coordinates":[-78.395622,35.119002]}},{"type":"Feature","properties":{"id":"","property":"Swine"},"geometry":{"type":"Point","coordinates":[-78.302744,35.047188]}},{"type":"Feature","properties":{"id":"","property":"Swine"},"geometry":{"type":"Point","coordinates":[-78.315006,34.93734]}},{"type":"Feature","properties":{"id":"","property":"Swine"},"geometry":{"type":"Point","coordinates":[-78.400713,34.92335]}},{"type":"Feature","properties":{"id":"","property":"Swine"},"geometry":{"type":"Point","coordinates":[-78.207197,34.881391]}},{"type":"Feature","properties":{"id":"","property":"Swine"},"geometry":{"type":"Point","coordinates":[-78.35715,35.132269]}},{"type":"Feature","properties":{"id":"","property":"Swine"},"geometry":{"type":"Point","coordinates":[-78.284808,34.861802]}},{"type":"Feature","properties":{"id":"","property":"Swine"},"geometry":{"type":"Point","coordinates":[-78.464769,35.005508]}},{"type":"Feature","properties":{"id":"","property":"Swine"},"geometry":{"type":"Point","coordinates":[-78.207166,34.826177]}},{"type":"Feature","properties":{"id":"","property":"Swine"},"geometry":{"type":"Point","coordinates":[-78.303333,35.109211]}},{"type":"Feature","properties":{"id":"","property":"Swine"},"geometry":{"type":"Point","coordinates":[-78.303333,35.109211]}},{"type":"Feature","properties":{"id":"","property":"Swine"},"geometry":{"type":"Point","coordinates":[-78.438066,35.165847]}},{"type":"Feature","properties":{"id":"","property":"Swine"},"geometry":{"type":"Point","coordinates":[-78.264236,34.99805]}},{"type":"Feature","properties":{"id":"","property":"Swine"},"geometry":{"type":"Point","coordinates":[-78.261325,34.997544]}},{"type":"Feature","properties":{"id":"","property":"Swine"},"geometry":{"type":"Point","coordinates":[-78.270747,34.877133]}},{"type":"Feature","properties":{"id":"","property":"Swine"},"geometry":{"type":"Point","coordinates":[-78.271369,35.152794]}},{"type":"Feature","properties":{"id":"","property":"Swine"},"geometry":{"type":"Point","coordinates":[-78.25425,35.125692]}},{"type":"Feature","properties":{"id":"","property":"Swine"},"geometry":{"type":"Point","coordinates":[-78.228939,34.826069]}},{"type":"Feature","properties":{"id":"","property":"Swine"},"geometry":{"type":"Point","coordinates":[-78.267947,35.101408]}},{"type":"Feature","properties":{"id":"","property":"Swine"},"geometry":{"type":"Point","coordinates":[-78.4394,35.045]}},{"type":"Feature","properties":{"id":"","property":"Swine"},"geometry":{"type":"Point","coordinates":[-78.281747,34.891011]}},{"type":"Feature","properties":{"id":"","property":"Swine"},"geometry":{"type":"Point","coordinates":[-78.564799,35.2005]}},{"type":"Feature","properties":{"id":"","property":"Swine"},"geometry":{"type":"Point","coordinates":[-78.384697,35.169933]}},{"type":"Feature","properties":{"id":"","property":"Swine"},"geometry":{"type":"Point","coordinates":[-78.5186,35.026519]}},{"type":"Feature","properties":{"id":"","property":"Swine"},"geometry":{"type":"Point","coordinates":[-78.373088,35.152311]}},{"type":"Feature","properties":{"id":"","property":"Swine"},"geometry":{"type":"Point","coordinates":[-78.257122,35.212805]}},{"type":"Feature","properties":{"id":"","property":"Swine"},"geometry":{"type":"Point","coordinates":[-78.313136,34.905227]}},{"type":"Feature","properties":{"id":"","property":"Swine"},"geometry":{"type":"Point","coordinates":[-78.281555,35.231363]}},{"type":"Feature","properties":{"id":"","property":"Swine"},"geometry":{"type":"Point","coordinates":[-78.269822,34.925755]}},{"type":"Feature","properties":{"id":"","property":"Swine"},"geometry":{"type":"Point","coordinates":[-78.419111,34.803041]}},{"type":"Feature","properties":{"id":"","property":"Swine"},"geometry":{"type":"Point","coordinates":[-78.441639,34.823958]}},{"type":"Feature","properties":{"id":"","property":"Swine"},"geometry":{"type":"Point","coordinates":[-78.441639,34.823958]}},{"type":"Feature","properties":{"id":"","property":"Swine"},"geometry":{"type":"Point","coordinates":[-78.379272,34.845069]}},{"type":"Feature","properties":{"id":"","property":"Swine"},"geometry":{"type":"Point","coordinates":[-78.404441,34.969301]}},{"type":"Feature","properties":{"id":"","property":"Swine"},"geometry":{"type":"Point","coordinates":[-78.359775,34.928338]}},{"type":"Feature","properties":{"id":"","property":"Swine"},"geometry":{"type":"Point","coordinates":[-78.358422,34.935058]}},{"type":"Feature","properties":{"id":"","property":"Swine"},"geometry":{"type":"Point","coordinates":[-78.355986,34.845438]}},{"type":"Feature","properties":{"id":"","property":"Swine"},"geometry":{"type":"Point","coordinates":[-78.198588,34.668]}},{"type":"Feature","properties":{"id":"","property":"Swine"},"geometry":{"type":"Point","coordinates":[-78.172597,34.698355]}},{"type":"Feature","properties":{"id":"","property":"Swine"},"geometry":{"type":"Point","coordinates":[-78.325011,34.867694]}},{"type":"Feature","properties":{"id":"","property":"Swine"},"geometry":{"type":"Point","coordinates":[-78.5431,34.948228]}},{"type":"Feature","properties":{"id":"","property":"Swine"},"geometry":{"type":"Point","coordinates":[-78.166994,34.944783]}},{"type":"Feature","properties":{"id":"","property":"Swine"},"geometry":{"type":"Point","coordinates":[-78.432794,34.984416]}},{"type":"Feature","properties":{"id":"","property":"Swine"},"geometry":{"type":"Point","coordinates":[-78.325877,34.704311]}},{"type":"Feature","properties":{"id":"","property":"Swine"},"geometry":{"type":"Point","coordinates":[-78.395361,34.842003]}},{"type":"Feature","properties":{"id":"","property":"Swine"},"geometry":{"type":"Point","coordinates":[-78.258891,34.73418]}},{"type":"Feature","properties":{"id":"","property":"Swine"},"geometry":{"type":"Point","coordinates":[-78.444994,34.986438]}},{"type":"Feature","properties":{"id":"","property":"Swine"},"geometry":{"type":"Point","coordinates":[-78.310906,34.868994]}},{"type":"Feature","properties":{"id":"","property":"Swine"},"geometry":{"type":"Point","coordinates":[-78.470169,34.90698]}},{"type":"Feature","properties":{"id":"","property":"Swine"},"geometry":{"type":"Point","coordinates":[-78.213291,34.758111]}},{"type":"Feature","properties":{"id":"","property":"Swine"},"geometry":{"type":"Point","coordinates":[-78.166933,34.950813]}},{"type":"Feature","properties":{"id":"","property":"Swine"},"geometry":{"type":"Point","coordinates":[-78.306675,34.854783]}},{"type":"Feature","properties":{"id":"","property":"Swine"},"geometry":{"type":"Point","coordinates":[-78.206444,34.683813]}},{"type":"Feature","properties":{"id":"","property":"Swine"},"geometry":{"type":"Point","coordinates":[-78.262855,34.674513]}},{"type":"Feature","properties":{"id":"","property":"Swine"},"geometry":{"type":"Point","coordinates":[-78.217555,34.685861]}},{"type":"Feature","properties":{"id":"","property":"Swine"},"geometry":{"type":"Point","coordinates":[-78.273403,35.116189]}},{"type":"Feature","properties":{"id":"","property":"Swine"},"geometry":{"type":"Point","coordinates":[-78.272236,34.672491]}},{"type":"Feature","properties":{"id":"","property":"Swine"},"geometry":{"type":"Point","coordinates":[-78.418822,35.199416]}},{"type":"Feature","properties":{"id":"","property":"Swine"},"geometry":{"type":"Point","coordinates":[-78.358555,35.179519]}},{"type":"Feature","properties":{"id":"","property":"Swine"},"geometry":{"type":"Point","coordinates":[-78.325036,34.859825]}},{"type":"Feature","properties":{"id":"","property":"Swine"},"geometry":{"type":"Point","coordinates":[-78.335302,35.169955]}},{"type":"Feature","properties":{"id":"","property":"Swine"},"geometry":{"type":"Point","coordinates":[-78.2446,35.133767]}},{"type":"Feature","properties":{"id":"","property":"Swine"},"geometry":{"type":"Point","coordinates":[-78.238792,34.874681]}},{"type":"Feature","properties":{"id":"","property":"Swine"},"geometry":{"type":"Point","coordinates":[-78.285524,34.896011]}},{"type":"Feature","properties":{"id":"","property":"Swine"},"geometry":{"type":"Point","coordinates":[-78.497088,35.087816]}},{"type":"Feature","properties":{"id":"","property":"Swine"},"geometry":{"type":"Point","coordinates":[-78.191991,35.200566]}},{"type":"Feature","properties":{"id":"","property":"Swine"},"geometry":{"type":"Point","coordinates":[-78.376244,35.11755]}},{"type":"Feature","properties":{"id":"","property":"Swine"},"geometry":{"type":"Point","coordinates":[-78.415733,35.216722]}},{"type":"Feature","properties":{"id":"","property":"Swine"},"geometry":{"type":"Point","coordinates":[-78.226314,34.688622]}},{"type":"Feature","properties":{"id":"","property":"Swine"},"geometry":{"type":"Point","coordinates":[-78.4724,34.862847]}},{"type":"Feature","properties":{"id":"","property":"Swine"},"geometry":{"type":"Point","coordinates":[-78.572969,35.058867]}},{"type":"Feature","properties":{"id":"","property":"Swine"},"geometry":{"type":"Point","coordinates":[-78.548075,35.20943]}},{"type":"Feature","properties":{"id":"","property":"Swine"},"geometry":{"type":"Point","coordinates":[-78.523381,35.043608]}},{"type":"Feature","properties":{"id":"","property":"Swine"},"geometry":{"type":"Point","coordinates":[-78.559294,35.119197]}},{"type":"Feature","properties":{"id":"","property":"Swine"},"geometry":{"type":"Point","coordinates":[-78.549066,35.060516]}},{"type":"Feature","properties":{"id":"","property":"Swine"},"geometry":{"type":"Point","coordinates":[-78.483355,35.140152]}},{"type":"Feature","properties":{"id":"","property":"Swine"},"geometry":{"type":"Point","coordinates":[-78.4503,35.134591]}},{"type":"Feature","properties":{"id":"","property":"Swine"},"geometry":{"type":"Point","coordinates":[-78.450802,35.107686]}},{"type":"Feature","properties":{"id":"","property":"Swine"},"geometry":{"type":"Point","coordinates":[-78.461472,35.252088]}},{"type":"Feature","properties":{"id":"","property":"Swine"},"geometry":{"type":"Point","coordinates":[-78.301333,34.797994]}},{"type":"Feature","properties":{"id":"","property":"Swine"},"geometry":{"type":"Point","coordinates":[-78.301333,34.797994]}},{"type":"Feature","properties":{"id":"","property":"Swine"},"geometry":{"type":"Point","coordinates":[-78.427383,34.811452]}},{"type":"Feature","properties":{"id":"","property":"Swine"},"geometry":{"type":"Point","coordinates":[-78.427383,34.811452]}},{"type":"Feature","properties":{"id":"","property":"Swine"},"geometry":{"type":"Point","coordinates":[-78.450864,35.180492]}},{"type":"Feature","properties":{"id":"","property":"Swine"},"geometry":{"type":"Point","coordinates":[-78.198055,34.829697]}},{"type":"Feature","properties":{"id":"","property":"Swine"},"geometry":{"type":"Point","coordinates":[-78.53318,35.187836]}},{"type":"Feature","properties":{"id":"","property":"Swine"},"geometry":{"type":"Point","coordinates":[-78.249548,34.78081]}},{"type":"Feature","properties":{"id":"","property":"Swine"},"geometry":{"type":"Point","coordinates":[-78.4547,35.113738]}},{"type":"Feature","properties":{"id":"","property":"Swine"},"geometry":{"type":"Point","coordinates":[-78.287036,34.783294]}},{"type":"Feature","properties":{"id":"","property":"Swine"},"geometry":{"type":"Point","coordinates":[-78.332551,35.088238]}},{"type":"Feature","properties":{"id":"","property":"Swine"},"geometry":{"type":"Point","coordinates":[-78.268997,34.643616]}},{"type":"Feature","properties":{"id":"","property":"Swine"},"geometry":{"type":"Point","coordinates":[-78.227636,34.884069]}},{"type":"Feature","properties":{"id":"","property":"Swine"},"geometry":{"type":"Point","coordinates":[-78.45058,34.947455]}},{"type":"Feature","properties":{"id":"","property":"Swine"},"geometry":{"type":"Point","coordinates":[-78.36183,35.135922]}},{"type":"Feature","properties":{"id":"","property":"Swine"},"geometry":{"type":"Point","coordinates":[-78.281913,35.166238]}},{"type":"Feature","properties":{"id":"","property":"Swine"},"geometry":{"type":"Point","coordinates":[-78.300733,35.092269]}},{"type":"Feature","properties":{"id":"","property":"Swine"},"geometry":{"type":"Point","coordinates":[-78.397519,35.089177]}},{"type":"Feature","properties":{"id":"","property":"Swine"},"geometry":{"type":"Point","coordinates":[-78.371455,35.122283]}},{"type":"Feature","properties":{"id":"","property":"Swine"},"geometry":{"type":"Point","coordinates":[-78.345161,34.917839]}},{"type":"Feature","properties":{"id":"","property":"Swine"},"geometry":{"type":"Point","coordinates":[-78.446191,35.104522]}},{"type":"Feature","properties":{"id":"","property":"Swine"},"geometry":{"type":"Point","coordinates":[-78.572544,35.013188]}},{"type":"Feature","properties":{"id":"","property":"Swine"},"geometry":{"type":"Point","coordinates":[-78.185172,34.808913]}},{"type":"Feature","properties":{"id":"","property":"Swine"},"geometry":{"type":"Point","coordinates":[-78.326936,34.75398]}},{"type":"Feature","properties":{"id":"","property":"Swine"},"geometry":{"type":"Point","coordinates":[-78.206592,35.085877]}},{"type":"Feature","properties":{"id":"","property":"Swine"},"geometry":{"type":"Point","coordinates":[-78.17968,34.820975]}},{"type":"Feature","properties":{"id":"","property":"Swine"},"geometry":{"type":"Point","coordinates":[-78.469636,34.842977]}},{"type":"Feature","properties":{"id":"","property":"Swine"},"geometry":{"type":"Point","coordinates":[-78.392625,35.150675]}},{"type":"Feature","properties":{"id":"","property":"Swine"},"geometry":{"type":"Point","coordinates":[-78.46631,34.839666]}},{"type":"Feature","properties":{"id":"","property":"Swine"},"geometry":{"type":"Point","coordinates":[-78.46338,34.837111]}},{"type":"Feature","properties":{"id":"","property":"Swine"},"geometry":{"type":"Point","coordinates":[-78.286313,34.681247]}},{"type":"Feature","properties":{"id":"","property":"Swine"},"geometry":{"type":"Point","coordinates":[-78.190794,35.137333]}},{"type":"Feature","properties":{"id":"","property":"Swine"},"geometry":{"type":"Point","coordinates":[-78.458714,34.940705]}},{"type":"Feature","properties":{"id":"","property":"Swine"},"geometry":{"type":"Point","coordinates":[-78.374516,35.109197]}},{"type":"Feature","properties":{"id":"","property":"Swine"},"geometry":{"type":"Point","coordinates":[-78.542338,35.275125]}},{"type":"Feature","properties":{"id":"","property":"Swine"},"geometry":{"type":"Point","coordinates":[-78.358025,34.752052]}},{"type":"Feature","properties":{"id":"","property":"Swine"},"geometry":{"type":"Point","coordinates":[-78.197033,34.692011]}},{"type":"Feature","properties":{"id":"","property":"Swine"},"geometry":{"type":"Point","coordinates":[-78.36252,34.895727]}},{"type":"Feature","properties":{"id":"","property":"Swine"},"geometry":{"type":"Point","coordinates":[-78.144233,34.706386]}},{"type":"Feature","properties":{"id":"","property":"Swine"},"geometry":{"type":"Point","coordinates":[-78.251344,34.947433]}},{"type":"Feature","properties":{"id":"","property":"Swine"},"geometry":{"type":"Point","coordinates":[-78.311105,35.058016]}},{"type":"Feature","properties":{"id":"","property":"Swine"},"geometry":{"type":"Point","coordinates":[-78.523009,34.892766]}},{"type":"Feature","properties":{"id":"","property":"Swine"},"geometry":{"type":"Point","coordinates":[-78.492911,35.098652]}},{"type":"Feature","properties":{"id":"","property":"Swine"},"geometry":{"type":"Point","coordinates":[-78.243163,35.083722]}},{"type":"Feature","properties":{"id":"","property":"Swine"},"geometry":{"type":"Point","coordinates":[-78.529547,35.133811]}},{"type":"Feature","properties":{"id":"","property":"Swine"},"geometry":{"type":"Point","coordinates":[-78.173977,35.193933]}},{"type":"Feature","properties":{"id":"","property":"Swine"},"geometry":{"type":"Point","coordinates":[-78.36548,34.800441]}},{"type":"Feature","properties":{"id":"","property":"Swine"},"geometry":{"type":"Point","coordinates":[-78.1631,35.0375]}},{"type":"Feature","properties":{"id":"","property":"Swine"},"geometry":{"type":"Point","coordinates":[-78.315925,34.908869]}},{"type":"Feature","properties":{"id":"","property":"Swine"},"geometry":{"type":"Point","coordinates":[-78.447197,35.056058]}},{"type":"Feature","properties":{"id":"","property":"Swine"},"geometry":{"type":"Point","coordinates":[-78.469769,35.118991]}},{"type":"Feature","properties":{"id":"","property":"Swine"},"geometry":{"type":"Point","coordinates":[-78.407094,35.093772]}},{"type":"Feature","properties":{"id":"","property":"Swine"},"geometry":{"type":"Point","coordinates":[-78.245147,34.749275]}},{"type":"Feature","properties":{"id":"","property":"Swine"},"geometry":{"type":"Point","coordinates":[-78.287997,34.892833]}},{"type":"Feature","properties":{"id":"","property":"Swine"},"geometry":{"type":"Point","coordinates":[-78.220063,34.907827]}},{"type":"Feature","properties":{"id":"","property":"Swine"},"geometry":{"type":"Point","coordinates":[-78.177327,34.727611]}},{"type":"Feature","properties":{"id":"","property":"Swine"},"geometry":{"type":"Point","coordinates":[-78.283825,34.699625]}},{"type":"Feature","properties":{"id":"","property":"Swine"},"geometry":{"type":"Point","coordinates":[-78.278213,34.602563]}},{"type":"Feature","properties":{"id":"","property":"Swine"},"geometry":{"type":"Point","coordinates":[-78.278213,34.602563]}},{"type":"Feature","properties":{"id":"","property":"Swine"},"geometry":{"type":"Point","coordinates":[-78.601933,35.073363]}},{"type":"Feature","properties":{"id":"","property":"Swine"},"geometry":{"type":"Point","coordinates":[-78.469411,34.950352]}},{"type":"Feature","properties":{"id":"","property":"Swine"},"geometry":{"type":"Point","coordinates":[-78.43958,34.932194]}},{"type":"Feature","properties":{"id":"","property":"Swine"},"geometry":{"type":"Point","coordinates":[-78.206069,34.894902]}},{"type":"Feature","properties":{"id":"","property":"Swine"},"geometry":{"type":"Point","coordinates":[-78.314183,34.671083]}},{"type":"Feature","properties":{"id":"","property":"Swine"},"geometry":{"type":"Point","coordinates":[-78.307694,34.672691]}},{"type":"Feature","properties":{"id":"","property":"Swine"},"geometry":{"type":"Point","coordinates":[-78.314302,34.681277]}},{"type":"Feature","properties":{"id":"","property":"Swine"},"geometry":{"type":"Point","coordinates":[-78.319091,34.679205]}},{"type":"Feature","properties":{"id":"","property":"Swine"},"geometry":{"type":"Point","coordinates":[-78.312924,34.665397]}},{"type":"Feature","properties":{"id":"","property":"Swine"},"geometry":{"type":"Point","coordinates":[-78.303891,34.664919]}},{"type":"Feature","properties":{"id":"","property":"Swine"},"geometry":{"type":"Point","coordinates":[-78.323666,34.84173]}},{"type":"Feature","properties":{"id":"","property":"Swine"},"geometry":{"type":"Point","coordinates":[-78.48558,34.850002]}},{"type":"Feature","properties":{"id":"","property":"Swine"},"geometry":{"type":"Point","coordinates":[-78.542447,35.0187]}},{"type":"Feature","properties":{"id":"","property":"Swine"},"geometry":{"type":"Point","coordinates":[-78.436102,35.005511]}},{"type":"Feature","properties":{"id":"","property":"Swine"},"geometry":{"type":"Point","coordinates":[-78.311541,35.065861]}},{"type":"Feature","properties":{"id":"","property":"Swine"},"geometry":{"type":"Point","coordinates":[-78.308816,35.057316]}},{"type":"Feature","properties":{"id":"","property":"Swine"},"geometry":{"type":"Point","coordinates":[-78.445,35.0519]}},{"type":"Feature","properties":{"id":"","property":"Swine"},"geometry":{"type":"Point","coordinates":[-78.495375,35.152411]}},{"type":"Feature","properties":{"id":"","property":"Swine"},"geometry":{"type":"Point","coordinates":[-78.554119,35.070091]}},{"type":"Feature","properties":{"id":"","property":"Swine"},"geometry":{"type":"Point","coordinates":[-78.417994,35.171516]}},{"type":"Feature","properties":{"id":"","property":"Swine"},"geometry":{"type":"Point","coordinates":[-78.332383,34.699461]}},{"type":"Feature","properties":{"id":"","property":"Swine"},"geometry":{"type":"Point","coordinates":[-78.19053,35.108827]}},{"type":"Feature","properties":{"id":"","property":"Swine"},"geometry":{"type":"Point","coordinates":[-78.197858,34.773455]}},{"type":"Feature","properties":{"id":"","property":"Swine"},"geometry":{"type":"Point","coordinates":[-78.426663,34.899522]}},{"type":"Feature","properties":{"id":"","property":"Swine"},"geometry":{"type":"Point","coordinates":[-78.426663,34.899522]}},{"type":"Feature","properties":{"id":"","property":"Swine"},"geometry":{"type":"Point","coordinates":[-78.426663,34.899522]}},{"type":"Feature","properties":{"id":"","property":"Swine"},"geometry":{"type":"Point","coordinates":[-78.46593,35.098501]}},{"type":"Feature","properties":{"id":"","property":"Swine"},"geometry":{"type":"Point","coordinates":[-78.294952,35.19468]}},{"type":"Feature","properties":{"id":"","property":"Swine"},"geometry":{"type":"Point","coordinates":[-78.456066,34.845802]}},{"type":"Feature","properties":{"id":"","property":"Swine"},"geometry":{"type":"Point","coordinates":[-78.383881,35.030983]}},{"type":"Feature","properties":{"id":"","property":"Swine"},"geometry":{"type":"Point","coordinates":[-78.215381,35.072042]}},{"type":"Feature","properties":{"id":"","property":"Swine"},"geometry":{"type":"Point","coordinates":[-78.176486,35.049105]}},{"type":"Feature","properties":{"id":"","property":"Swine"},"geometry":{"type":"Point","coordinates":[-78.214186,34.954036]}},{"type":"Feature","properties":{"id":"","property":"Swine"},"geometry":{"type":"Point","coordinates":[-78.29968,34.807358]}},{"type":"Feature","properties":{"id":"","property":"Swine"},"geometry":{"type":"Point","coordinates":[-78.187936,35.035644]}},{"type":"Feature","properties":{"id":"","property":"Swine"},"geometry":{"type":"Point","coordinates":[-78.240803,34.996772]}},{"type":"Feature","properties":{"id":"","property":"Swine"},"geometry":{"type":"Point","coordinates":[-78.232072,34.938263]}},{"type":"Feature","properties":{"id":"","property":"Swine"},"geometry":{"type":"Point","coordinates":[-78.568731,35.032752]}},{"type":"Feature","properties":{"id":"","property":"Swine"},"geometry":{"type":"Point","coordinates":[-78.4399,35.060011]}},{"type":"Feature","properties":{"id":"","property":"Swine"},"geometry":{"type":"Point","coordinates":[-78.305969,35.184377]}},{"type":"Feature","properties":{"id":"","property":"Swine"},"geometry":{"type":"Point","coordinates":[-78.639247,35.12743]}},{"type":"Feature","properties":{"id":"","property":"Swine"},"geometry":{"type":"Point","coordinates":[-78.291833,35.144088]}},{"type":"Feature","properties":{"id":"","property":"Swine"},"geometry":{"type":"Point","coordinates":[-78.464166,35.074616]}},{"type":"Feature","properties":{"id":"","property":"Swine"},"geometry":{"type":"Point","coordinates":[-78.253336,34.668088]}},{"type":"Feature","properties":{"id":"","property":"Swine"},"geometry":{"type":"Point","coordinates":[-78.398531,35.065981]}},{"type":"Feature","properties":{"id":"","property":"Swine"},"geometry":{"type":"Point","coordinates":[-78.522872,35.125736]}},{"type":"Feature","properties":{"id":"","property":"Swine"},"geometry":{"type":"Point","coordinates":[-78.381274,35.124116]}},{"type":"Feature","properties":{"id":"","property":"Swine"},"geometry":{"type":"Point","coordinates":[-78.44343,34.935422]}},{"type":"Feature","properties":{"id":"","property":"Swine"},"geometry":{"type":"Point","coordinates":[-78.255402,34.940236]}},{"type":"Feature","properties":{"id":"","property":"Swine"},"geometry":{"type":"Point","coordinates":[-78.419369,34.923838]}},{"type":"Feature","properties":{"id":"","property":"Swine"},"geometry":{"type":"Point","coordinates":[-78.252831,35.057081]}},{"type":"Feature","properties":{"id":"","property":"Swine"},"geometry":{"type":"Point","coordinates":[-78.358463,34.905312]}},{"type":"Feature","properties":{"id":"","property":"Swine"},"geometry":{"type":"Point","coordinates":[-78.565775,35.099044]}},{"type":"Feature","properties":{"id":"","property":"Swine"},"geometry":{"type":"Point","coordinates":[-78.520419,34.906008]}},{"type":"Feature","properties":{"id":"","property":"Swine"},"geometry":{"type":"Point","coordinates":[-78.308908,34.930308]}},{"type":"Feature","properties":{"id":"","property":"Swine"},"geometry":{"type":"Point","coordinates":[-78.305802,34.740897]}},{"type":"Feature","properties":{"id":"","property":"Swine"},"geometry":{"type":"Point","coordinates":[-78.409569,34.995886]}},{"type":"Feature","properties":{"id":"","property":"Swine"},"geometry":{"type":"Point","coordinates":[-78.25048,34.888975]}},{"type":"Feature","properties":{"id":"","property":"Swine"},"geometry":{"type":"Point","coordinates":[-78.394433,35.042547]}},{"type":"Feature","properties":{"id":"","property":"Swine"},"geometry":{"type":"Point","coordinates":[-78.362133,35.088408]}},{"type":"Feature","properties":{"id":"","property":"Swine"},"geometry":{"type":"Point","coordinates":[-78.38795,35.042908]}},{"type":"Feature","properties":{"id":"","property":"Swine"},"geometry":{"type":"Point","coordinates":[-78.241636,35.043152]}},{"type":"Feature","properties":{"id":"","property":"Swine"},"geometry":{"type":"Point","coordinates":[-78.392352,35.003816]}},{"type":"Feature","properties":{"id":"","property":"Swine"},"geometry":{"type":"Point","coordinates":[-78.293844,34.66978]}},{"type":"Feature","properties":{"id":"","property":"Swine"},"geometry":{"type":"Point","coordinates":[-78.25845,34.908402]}},{"type":"Feature","properties":{"id":"","property":"Swine"},"geometry":{"type":"Point","coordinates":[-78.297888,34.866177]}},{"type":"Feature","properties":{"id":"","property":"Swine"},"geometry":{"type":"Point","coordinates":[-78.575659,35.186138]}},{"type":"Feature","properties":{"id":"","property":"Swine"},"geometry":{"type":"Point","coordinates":[-78.538766,35.214111]}},{"type":"Feature","properties":{"id":"","property":"Swine"},"geometry":{"type":"Point","coordinates":[-78.27618,34.902611]}},{"type":"Feature","properties":{"id":"","property":"Swine"},"geometry":{"type":"Point","coordinates":[-78.379683,35.077511]}},{"type":"Feature","properties":{"id":"","property":"Swine"},"geometry":{"type":"Point","coordinates":[-78.187138,35.186605]}},{"type":"Feature","properties":{"id":"","property":"Swine"},"geometry":{"type":"Point","coordinates":[-78.27368,35.163163]}},{"type":"Feature","properties":{"id":"","property":"Swine"},"geometry":{"type":"Point","coordinates":[-78.403363,35.158305]}},{"type":"Feature","properties":{"id":"","property":"Swine"},"geometry":{"type":"Point","coordinates":[-78.153383,34.68733]}},{"type":"Feature","properties":{"id":"","property":"Swine"},"geometry":{"type":"Point","coordinates":[-78.425341,34.994166]}},{"type":"Feature","properties":{"id":"","property":"Swine"},"geometry":{"type":"Point","coordinates":[-78.433144,35.182533]}},{"type":"Feature","properties":{"id":"","property":"Swine"},"geometry":{"type":"Point","coordinates":[-78.280222,34.894358]}},{"type":"Feature","properties":{"id":"","property":"Swine"},"geometry":{"type":"Point","coordinates":[-78.236094,35.130359]}},{"type":"Feature","properties":{"id":"","property":"Swine"},"geometry":{"type":"Point","coordinates":[-78.402519,35.18835]}},{"type":"Feature","properties":{"id":"","property":"Swine"},"geometry":{"type":"Point","coordinates":[-78.605238,34.97605]}},{"type":"Feature","properties":{"id":"","property":"Swine"},"geometry":{"type":"Point","coordinates":[-78.551988,34.9833]}},{"type":"Feature","properties":{"id":"","property":"Swine"},"geometry":{"type":"Point","coordinates":[-78.222731,35.034244]}},{"type":"Feature","properties":{"id":"","property":"Swine"},"geometry":{"type":"Point","coordinates":[-78.3689,35.0967]}},{"type":"Feature","properties":{"id":"","property":"Swine"},"geometry":{"type":"Point","coordinates":[-78.345328,35.139592]}},{"type":"Feature","properties":{"id":"","property":"Swine"},"geometry":{"type":"Point","coordinates":[-78.530688,35.107281]}},{"type":"Feature","properties":{"id":"","property":"Swine"},"geometry":{"type":"Point","coordinates":[-78.189081,35.072641]}},{"type":"Feature","properties":{"id":"","property":"Swine"},"geometry":{"type":"Point","coordinates":[-78.432261,35.023202]}},{"type":"Feature","properties":{"id":"","property":"Swine"},"geometry":{"type":"Point","coordinates":[-78.349058,35.118047]}},{"type":"Feature","properties":{"id":"","property":"Swine"},"geometry":{"type":"Point","coordinates":[-78.405541,35.251044]}},{"type":"Feature","properties":{"id":"","property":"Swine"},"geometry":{"type":"Point","coordinates":[-78.276647,35.159941]}},{"type":"Feature","properties":{"id":"","property":"Swine"},"geometry":{"type":"Point","coordinates":[-78.170602,34.719583]}},{"type":"Feature","properties":{"id":"","property":"Swine"},"geometry":{"type":"Point","coordinates":[-78.303152,34.8409]}},{"type":"Feature","properties":{"id":"","property":"Swine"},"geometry":{"type":"Point","coordinates":[-78.428672,34.85803]}},{"type":"Feature","properties":{"id":"","property":"Swine"},"geometry":{"type":"Point","coordinates":[-78.435705,35.145244]}},{"type":"Feature","properties":{"id":"","property":"Swine"},"geometry":{"type":"Point","coordinates":[-78.567675,35.157741]}},{"type":"Feature","properties":{"id":"","property":"Swine"},"geometry":{"type":"Point","coordinates":[-78.351816,35.165855]}},{"type":"Feature","properties":{"id":"","property":"Swine"},"geometry":{"type":"Point","coordinates":[-78.238747,35.173024]}},{"type":"Feature","properties":{"id":"","property":"Swine"},"geometry":{"type":"Point","coordinates":[-78.181572,34.835319]}},{"type":"Feature","properties":{"id":"","property":"Swine"},"geometry":{"type":"Point","coordinates":[-78.428844,34.966788]}},{"type":"Feature","properties":{"id":"","property":"Swine"},"geometry":{"type":"Point","coordinates":[-78.178956,34.889689]}},{"type":"Feature","properties":{"id":"","property":"Swine"},"geometry":{"type":"Point","coordinates":[-78.510452,34.924416]}},{"type":"Feature","properties":{"id":"","property":"Swine"},"geometry":{"type":"Point","coordinates":[-78.466861,35.022644]}},{"type":"Feature","properties":{"id":"","property":"Swine"},"geometry":{"type":"Point","coordinates":[-78.586933,34.994466]}},{"type":"Feature","properties":{"id":"","property":"Swine"},"geometry":{"type":"Point","coordinates":[-78.345352,34.708861]}},{"type":"Feature","properties":{"id":"","property":"Swine"},"geometry":{"type":"Point","coordinates":[-78.377436,35.136005]}},{"type":"Feature","properties":{"id":"","property":"Swine"},"geometry":{"type":"Point","coordinates":[-78.185844,35.071327]}},{"type":"Feature","properties":{"id":"","property":"Swine"},"geometry":{"type":"Point","coordinates":[-78.319247,35.162075]}},{"type":"Feature","properties":{"id":"","property":"Swine"},"geometry":{"type":"Point","coordinates":[-78.335122,34.757738]}},{"type":"Feature","properties":{"id":"","property":"Swine"},"geometry":{"type":"Point","coordinates":[-78.458725,34.975769]}},{"type":"Feature","properties":{"id":"","property":"Swine"},"geometry":{"type":"Point","coordinates":[-78.446694,34.891619]}},{"type":"Feature","properties":{"id":"","property":"Swine"},"geometry":{"type":"Point","coordinates":[-78.459561,35.128236]}},{"type":"Feature","properties":{"id":"","property":"Swine"},"geometry":{"type":"Point","coordinates":[-78.207519,35.195336]}},{"type":"Feature","properties":{"id":"","property":"Swine"},"geometry":{"type":"Point","coordinates":[-78.33527,34.860577]}},{"type":"Feature","properties":{"id":"","property":"Swine"},"geometry":{"type":"Point","coordinates":[-78.420022,34.939261]}},{"type":"Feature","properties":{"id":"","property":"Swine"},"geometry":{"type":"Point","coordinates":[-78.574442,34.970228]}},{"type":"Feature","properties":{"id":"","property":"Swine"},"geometry":{"type":"Point","coordinates":[-78.5442,34.9233]}},{"type":"Feature","properties":{"id":"","property":"Swine"},"geometry":{"type":"Point","coordinates":[-78.388116,34.964861]}},{"type":"Feature","properties":{"id":"","property":"Swine"},"geometry":{"type":"Point","coordinates":[-78.533797,34.978338]}},{"type":"Feature","properties":{"id":"","property":"Swine"},"geometry":{"type":"Point","coordinates":[-78.405916,35.100091]}},{"type":"Feature","properties":{"id":"","property":"Swine"},"geometry":{"type":"Point","coordinates":[-78.433291,34.870425]}},{"type":"Feature","properties":{"id":"","property":"Swine"},"geometry":{"type":"Point","coordinates":[-78.188125,34.669599]}},{"type":"Feature","properties":{"id":"","property":"Swine"},"geometry":{"type":"Point","coordinates":[-78.616519,35.222741]}},{"type":"Feature","properties":{"id":"","property":"Swine"},"geometry":{"type":"Point","coordinates":[-78.386316,34.815566]}},{"type":"Feature","properties":{"id":"","property":"Swine"},"geometry":{"type":"Point","coordinates":[-78.253711,35.193113]}},{"type":"Feature","properties":{"id":"","property":"Swine"},"geometry":{"type":"Point","coordinates":[-78.20218,34.652594]}},{"type":"Feature","properties":{"id":"","property":"Swine"},"geometry":{"type":"Point","coordinates":[-78.280452,34.689269]}},{"type":"Feature","properties":{"id":"","property":"Swine"},"geometry":{"type":"Point","coordinates":[-78.29115,34.90265]}},{"type":"Feature","properties":{"id":"","property":"Swine"},"geometry":{"type":"Point","coordinates":[-78.220472,34.857055]}},{"type":"Feature","properties":{"id":"","property":"Swine"},"geometry":{"type":"Point","coordinates":[-78.220472,34.857055]}},{"type":"Feature","properties":{"id":"","property":"Swine"},"geometry":{"type":"Point","coordinates":[-78.220472,34.857055]}},{"type":"Feature","properties":{"id":"","property":"Swine"},"geometry":{"type":"Point","coordinates":[-78.566055,35.055072]}},{"type":"Feature","properties":{"id":"","property":"Swine"},"geometry":{"type":"Point","coordinates":[-78.363727,34.733591]}},{"type":"Feature","properties":{"id":"","property":"Swine"},"geometry":{"type":"Point","coordinates":[-78.372075,35.139238]}},{"type":"Feature","properties":{"id":"","property":"Swine"},"geometry":{"type":"Point","coordinates":[-78.531258,35.069127]}},{"type":"Feature","properties":{"id":"","property":"Swine"},"geometry":{"type":"Point","coordinates":[-78.372016,34.839658]}},{"type":"Feature","properties":{"id":"","property":"Swine"},"geometry":{"type":"Point","coordinates":[-78.410988,35.193813]}},{"type":"Feature","properties":{"id":"","property":"Swine"},"geometry":{"type":"Point","coordinates":[-78.309755,34.696641]}},{"type":"Feature","properties":{"id":"","property":"Swine"},"geometry":{"type":"Point","coordinates":[-78.541611,34.989558]}},{"type":"Feature","properties":{"id":"","property":"Swine"},"geometry":{"type":"Point","coordinates":[-78.387802,35.146044]}},{"type":"Feature","properties":{"id":"","property":"Swine"},"geometry":{"type":"Point","coordinates":[-78.326247,34.886883]}},{"type":"Feature","properties":{"id":"","property":"Swine"},"geometry":{"type":"Point","coordinates":[-78.450058,35.000391]}},{"type":"Feature","properties":{"id":"","property":"Swine"},"geometry":{"type":"Point","coordinates":[-78.489094,34.960588]}},{"type":"Feature","properties":{"id":"","property":"Swine"},"geometry":{"type":"Point","coordinates":[-78.261705,34.775663]}},{"type":"Feature","properties":{"id":"","property":"Swine"},"geometry":{"type":"Point","coordinates":[-78.352119,34.91125]}},{"type":"Feature","properties":{"id":"","property":"Swine"},"geometry":{"type":"Point","coordinates":[-78.589944,34.966888]}},{"type":"Feature","properties":{"id":"","property":"Swine"},"geometry":{"type":"Point","coordinates":[-78.429514,35.041053]}},{"type":"Feature","properties":{"id":"","property":"Swine"},"geometry":{"type":"Point","coordinates":[-78.258255,35.154705]}},{"type":"Feature","properties":{"id":"","property":"Swine"},"geometry":{"type":"Point","coordinates":[-78.463633,34.901838]}},{"type":"Feature","properties":{"id":"","property":"Swine"},"geometry":{"type":"Point","coordinates":[-78.616111,35.067889]}},{"type":"Feature","properties":{"id":"","property":"Swine"},"geometry":{"type":"Point","coordinates":[-78.307255,34.650745]}},{"type":"Feature","properties":{"id":"","property":"Swine"},"geometry":{"type":"Point","coordinates":[-78.598378,35.083511]}},{"type":"Feature","properties":{"id":"","property":"Swine"},"geometry":{"type":"Point","coordinates":[-78.372683,34.911742]}},{"type":"Feature","properties":{"id":"","property":"Swine"},"geometry":{"type":"Point","coordinates":[-78.314042,34.937331]}},{"type":"Feature","properties":{"id":"","property":"Swine"},"geometry":{"type":"Point","coordinates":[-78.265883,34.671075]}},{"type":"Feature","properties":{"id":"","property":"Swine"},"geometry":{"type":"Point","coordinates":[-78.19473,34.822991]}},{"type":"Feature","properties":{"id":"","property":"Swine"},"geometry":{"type":"Point","coordinates":[-78.2658,35.1556]}},{"type":"Feature","properties":{"id":"","property":"Swine"},"geometry":{"type":"Point","coordinates":[-78.206909,35.059033]}},{"type":"Feature","properties":{"id":"","property":"Swine"},"geometry":{"type":"Point","coordinates":[-78.234571,35.131539]}},{"type":"Feature","properties":{"id":"","property":"Swine"},"geometry":{"type":"Point","coordinates":[-78.301771,34.909346]}},{"type":"Feature","properties":{"id":"","property":"Swine"},"geometry":{"type":"Point","coordinates":[-78.6075,35.0908]}},{"type":"Feature","properties":{"id":"","property":"Swine"},"geometry":{"type":"Point","coordinates":[-79.46216,34.662669]}},{"type":"Feature","properties":{"id":"","property":"Swine"},"geometry":{"type":"Point","coordinates":[-79.41135,34.798776]}},{"type":"Feature","properties":{"id":"","property":"Swine"},"geometry":{"type":"Point","coordinates":[-79.379359,34.806013]}},{"type":"Feature","properties":{"id":"","property":"Swine"},"geometry":{"type":"Point","coordinates":[-79.430994,34.895069]}},{"type":"Feature","properties":{"id":"","property":"Swine"},"geometry":{"type":"Point","coordinates":[-79.430994,34.895069]}},{"type":"Feature","properties":{"id":"","property":"Swine"},"geometry":{"type":"Point","coordinates":[-79.430994,34.895069]}},{"type":"Feature","properties":{"id":"","property":"Swine"},"geometry":{"type":"Point","coordinates":[-79.390212,34.784909]}},{"type":"Feature","properties":{"id":"","property":"Swine"},"geometry":{"type":"Point","coordinates":[-79.466016,34.692227]}},{"type":"Feature","properties":{"id":"","property":"Swine"},"geometry":{"type":"Point","coordinates":[-79.486464,34.697849]}},{"type":"Feature","properties":{"id":"","property":"Swine"},"geometry":{"type":"Point","coordinates":[-79.639765,34.799582]}},{"type":"Feature","properties":{"id":"","property":"Swine"},"geometry":{"type":"Point","coordinates":[-79.389701,34.770465]}},{"type":"Feature","properties":{"id":"","property":"Swine"},"geometry":{"type":"Point","coordinates":[-79.510195,34.807225]}},{"type":"Feature","properties":{"id":"","property":"Swine"},"geometry":{"type":"Point","coordinates":[-79.444492,34.656645]}},{"type":"Feature","properties":{"id":"","property":"Swine"},"geometry":{"type":"Point","coordinates":[-79.471581,34.936726]}},{"type":"Feature","properties":{"id":"","property":"Swine"},"geometry":{"type":"Point","coordinates":[-79.473174,34.928926]}},{"type":"Feature","properties":{"id":"","property":"Swine"},"geometry":{"type":"Point","coordinates":[-79.490894,34.932178]}},{"type":"Feature","properties":{"id":"","property":"Swine"},"geometry":{"type":"Point","coordinates":[-79.562001,34.769574]}},{"type":"Feature","properties":{"id":"","property":"Swine"},"geometry":{"type":"Point","coordinates":[-79.349904,34.763285]}},{"type":"Feature","properties":{"id":"","property":"Swine"},"geometry":{"type":"Point","coordinates":[-80.375,35.3083]}},{"type":"Feature","properties":{"id":"","property":"Swine"},"geometry":{"type":"Point","coordinates":[-80.375,35.3083]}},{"type":"Feature","properties":{"id":"","property":"Swine"},"geometry":{"type":"Point","coordinates":[-80.209589,36.472976]}},{"type":"Feature","properties":{"id":"","property":"Swine"},"geometry":{"type":"Point","coordinates":[-80.782453,36.376902]}},{"type":"Feature","properties":{"id":"","property":"Swine"},"geometry":{"type":"Point","coordinates":[-80.7706,36.4022]}},{"type":"Feature","properties":{"id":"","property":"Swine"},"geometry":{"type":"Point","coordinates":[-80.5864,36.2931]}},{"type":"Feature","properties":{"id":"","property":"Swine"},"geometry":{"type":"Point","coordinates":[-76.3217,35.827]},"id":2272},{"type":"Feature","properties":{"id":"","property":"Swine"},"geometry":{"type":"Point","coordinates":[-80.4917,34.8333]}},{"type":"Feature","properties":{"id":"","property":"Swine"},"geometry":{"type":"Point","coordinates":[-80.4197,34.8564]}},{"type":"Feature","properties":{"id":"","property":"Swine"},"geometry":{"type":"Point","coordinates":[-78.6764,35.73]}},{"type":"Feature","properties":{"id":"","property":"Swine"},"geometry":{"type":"Point","coordinates":[-78.1583,36.4917]}},{"type":"Feature","properties":{"id":"","property":"Swine"},"geometry":{"type":"Point","coordinates":[-78.2817,36.5411]}},{"type":"Feature","properties":{"id":"","property":"Swine"},"geometry":{"type":"Point","coordinates":[-78.2086,36.5361]}},{"type":"Feature","properties":{"id":"","property":"Swine"},"geometry":{"type":"Point","coordinates":[-78.0839,36.4811]}},{"type":"Feature","properties":{"id":"","property":"Swine"},"geometry":{"type":"Point","coordinates":[-77.991965,36.357961]}},{"type":"Feature","properties":{"id":"","property":"Swine"},"geometry":{"type":"Point","coordinates":[-78.2494,36.5208]}},{"type":"Feature","properties":{"id":"","property":"Swine"},"geometry":{"type":"Point","coordinates":[-78.2494,36.5208]}},{"type":"Feature","properties":{"id":"","property":"Swine"},"geometry":{"type":"Point","coordinates":[-76.5358,35.8889]}},{"type":"Feature","properties":{"id":"","property":"Swine"},"geometry":{"type":"Point","coordinates":[-76.5947,35.8161]}},{"type":"Feature","properties":{"id":"","property":"Swine"},"geometry":{"type":"Point","coordinates":[-76.4611,35.8367]}},{"type":"Feature","properties":{"id":"","property":"Swine"},"geometry":{"type":"Point","coordinates":[-76.6583,35.8544]}},{"type":"Feature","properties":{"id":"","property":"Swine"},"geometry":{"type":"Point","coordinates":[-77.9983,35.3008]}},{"type":"Feature","properties":{"id":"","property":"Swine"},"geometry":{"type":"Point","coordinates":[-77.8506,35.2131]}},{"type":"Feature","properties":{"id":"","property":"Swine"},"geometry":{"type":"Point","coordinates":[-78.1581,35.3347]}},{"type":"Feature","properties":{"id":"","property":"Swine"},"geometry":{"type":"Point","coordinates":[-78.0794,35.2917]}},{"type":"Feature","properties":{"id":"","property":"Swine"},"geometry":{"type":"Point","coordinates":[-78.134296,35.325479]}},{"type":"Feature","properties":{"id":"","property":"Swine"},"geometry":{"type":"Point","coordinates":[-78.1717,35.2714]}},{"type":"Feature","properties":{"id":"","property":"Swine"},"geometry":{"type":"Point","coordinates":[-77.965996,35.321543]}},{"type":"Feature","properties":{"id":"","property":"Swine"},"geometry":{"type":"Point","coordinates":[-77.8389,35.2883]}},{"type":"Feature","properties":{"id":"","property":"Swine"},"geometry":{"type":"Point","coordinates":[-77.9042,35.2139]}},{"type":"Feature","properties":{"id":"","property":"Swine"},"geometry":{"type":"Point","coordinates":[-78.1436,35.3294]}},{"type":"Feature","properties":{"id":"","property":"Swine"},"geometry":{"type":"Point","coordinates":[-78.1278,35.4139]}},{"type":"Feature","properties":{"id":"","property":"Swine"},"geometry":{"type":"Point","coordinates":[-78.2533,35.2767]}},{"type":"Feature","properties":{"id":"","property":"Swine"},"geometry":{"type":"Point","coordinates":[-77.8633,35.5067]}},{"type":"Feature","properties":{"id":"","property":"Swine"},"geometry":{"type":"Point","coordinates":[-77.828245,35.239506]}},{"type":"Feature","properties":{"id":"","property":"Swine"},"geometry":{"type":"Point","coordinates":[-78.1381,35.2994]}},{"type":"Feature","properties":{"id":"","property":"Swine"},"geometry":{"type":"Point","coordinates":[-78.2089,35.3078]}},{"type":"Feature","properties":{"id":"","property":"Swine"},"geometry":{"type":"Point","coordinates":[-78.0006,35.2569]}},{"type":"Feature","properties":{"id":"","property":"Swine"},"geometry":{"type":"Point","coordinates":[-77.9228,35.2514]}},{"type":"Feature","properties":{"id":"","property":"Swine"},"geometry":{"type":"Point","coordinates":[-77.8278,35.3825]}},{"type":"Feature","properties":{"id":"","property":"Swine"},"geometry":{"type":"Point","coordinates":[-78.2569,35.3208]}},{"type":"Feature","properties":{"id":"","property":"Swine"},"geometry":{"type":"Point","coordinates":[-77.8553,35.1706]}},{"type":"Feature","properties":{"id":"","property":"Swine"},"geometry":{"type":"Point","coordinates":[-78.2117,35.3283]}},{"type":"Feature","properties":{"id":"","property":"Swine"},"geometry":{"type":"Point","coordinates":[-78.0786,35.2478]}},{"type":"Feature","properties":{"id":"","property":"Swine"},"geometry":{"type":"Point","coordinates":[-78.0678,35.3064]}},{"type":"Feature","properties":{"id":"","property":"Swine"},"geometry":{"type":"Point","coordinates":[-77.9583,35.2756]}},{"type":"Feature","properties":{"id":"","property":"Swine"},"geometry":{"type":"Point","coordinates":[-77.934717,35.257634]}},{"type":"Feature","properties":{"id":"","property":"Swine"},"geometry":{"type":"Point","coordinates":[-77.934717,35.257634]}},{"type":"Feature","properties":{"id":"","property":"Swine"},"geometry":{"type":"Point","coordinates":[-77.8778,35.4653]}},{"type":"Feature","properties":{"id":"","property":"Swine"},"geometry":{"type":"Point","coordinates":[-78.1858,35.2694]}},{"type":"Feature","properties":{"id":"","property":"Swine"},"geometry":{"type":"Point","coordinates":[-78.139171,35.219]}},{"type":"Feature","properties":{"id":"","property":"Swine"},"geometry":{"type":"Point","coordinates":[-78.1389,35.2661]}},{"type":"Feature","properties":{"id":"","property":"Swine"},"geometry":{"type":"Point","coordinates":[-78.29,35.2778]}},{"type":"Feature","properties":{"id":"","property":"Swine"},"geometry":{"type":"Point","coordinates":[-78.136843,35.218803]}},{"type":"Feature","properties":{"id":"","property":"Swine"},"geometry":{"type":"Point","coordinates":[-77.9078,35.5311]}},{"type":"Feature","properties":{"id":"","property":"Swine"},"geometry":{"type":"Point","coordinates":[-78.1597,35.2261]}},{"type":"Feature","properties":{"id":"","property":"Swine"},"geometry":{"type":"Point","coordinates":[-77.9433,35.4736]}},{"type":"Feature","properties":{"id":"","property":"Swine"},"geometry":{"type":"Point","coordinates":[-77.9319,35.5414]}},{"type":"Feature","properties":{"id":"","property":"Swine"},"geometry":{"type":"Point","coordinates":[-77.8347,35.185]}},{"type":"Feature","properties":{"id":"","property":"Swine"},"geometry":{"type":"Point","coordinates":[-77.8883,35.4961]}},{"type":"Feature","properties":{"id":"","property":"Swine"},"geometry":{"type":"Point","coordinates":[-77.8894,35.4922]}},{"type":"Feature","properties":{"id":"","property":"Swine"},"geometry":{"type":"Point","coordinates":[-77.8744,35.5022]}},{"type":"Feature","properties":{"id":"","property":"Swine"},"geometry":{"type":"Point","coordinates":[-77.9025,35.2958]}},{"type":"Feature","properties":{"id":"","property":"Swine"},"geometry":{"type":"Point","coordinates":[-78.0928,35.4731]}},{"type":"Feature","properties":{"id":"","property":"Swine"},"geometry":{"type":"Point","coordinates":[-78.2244,35.3133]}},{"type":"Feature","properties":{"id":"","property":"Swine"},"geometry":{"type":"Point","coordinates":[-77.8719,35.3842]}},{"type":"Feature","properties":{"id":"","property":"Wet Poultry"},"geometry":{"type":"Point","coordinates":[-77.8714,35.3883]}},{"type":"Feature","properties":{"id":"","property":"Swine"},"geometry":{"type":"Point","coordinates":[-77.8492,35.4278]}},{"type":"Feature","properties":{"id":"","property":"Swine"},"geometry":{"type":"Point","coordinates":[-78.0364,35.2394]}},{"type":"Feature","properties":{"id":"","property":"Swine"},"geometry":{"type":"Point","coordinates":[-77.8292,35.2797]}},{"type":"Feature","properties":{"id":"","property":"Swine"},"geometry":{"type":"Point","coordinates":[-78.1692,35.3333]}},{"type":"Feature","properties":{"id":"","property":"Swine"},"geometry":{"type":"Point","coordinates":[-77.8367,35.3583]}},{"type":"Feature","properties":{"id":"","property":"Swine"},"geometry":{"type":"Point","coordinates":[-77.8233,35.42]}},{"type":"Feature","properties":{"id":"","property":"Swine"},"geometry":{"type":"Point","coordinates":[-78.0783,35.4481]}},{"type":"Feature","properties":{"id":"","property":"Swine"},"geometry":{"type":"Point","coordinates":[-78.2006,35.2792]}},{"type":"Feature","properties":{"id":"","property":"Swine"},"geometry":{"type":"Point","coordinates":[-78.295295,35.271]}},{"type":"Feature","properties":{"id":"","property":"Swine"},"geometry":{"type":"Point","coordinates":[-78.1931,35.3283]}},{"type":"Feature","properties":{"id":"","property":"Swine"},"geometry":{"type":"Point","coordinates":[-78.0675,35.4578]}},{"type":"Feature","properties":{"id":"","property":"Swine"},"geometry":{"type":"Point","coordinates":[-78.0917,35.2875]}},{"type":"Feature","properties":{"id":"","property":"Swine"},"geometry":{"type":"Point","coordinates":[-78.216984,35.232804]}},{"type":"Feature","properties":{"id":"","property":"Swine"},"geometry":{"type":"Point","coordinates":[-78.145602,35.207866]}},{"type":"Feature","properties":{"id":"","property":"Swine"},"geometry":{"type":"Point","coordinates":[-78.1369,35.2733]}},{"type":"Feature","properties":{"id":"","property":"Swine"},"geometry":{"type":"Point","coordinates":[-78.2342,35.2653]}},{"type":"Feature","properties":{"id":"","property":"Swine"},"geometry":{"type":"Point","coordinates":[-78.28981,35.28253]}},{"type":"Feature","properties":{"id":"","property":"Swine"},"geometry":{"type":"Point","coordinates":[-78.2014,35.3161]}},{"type":"Feature","properties":{"id":"","property":"Swine"},"geometry":{"type":"Point","coordinates":[-78.0325,35.4219]}},{"type":"Feature","properties":{"id":"","property":"Swine"},"geometry":{"type":"Point","coordinates":[-78.2297,35.2833]}},{"type":"Feature","properties":{"id":"","property":"Swine"},"geometry":{"type":"Point","coordinates":[-78.0914,35.4461]}},{"type":"Feature","properties":{"id":"","property":"Swine"},"geometry":{"type":"Point","coordinates":[-78.090692,35.310489]}},{"type":"Feature","properties":{"id":"","property":"Swine"},"geometry":{"type":"Point","coordinates":[-78.090692,35.310489]}},{"type":"Feature","properties":{"id":"","property":"Swine"},"geometry":{"type":"Point","coordinates":[-77.9856,35.2]}},{"type":"Feature","properties":{"id":"","property":"Swine"},"geometry":{"type":"Point","coordinates":[-77.9856,35.2]}},{"type":"Feature","properties":{"id":"","property":"Swine"},"geometry":{"type":"Point","coordinates":[-77.9231,35.5025]}},{"type":"Feature","properties":{"id":"","property":"Swine"},"geometry":{"type":"Point","coordinates":[-77.9472,35.1967]}},{"type":"Feature","properties":{"id":"","property":"Swine"},"geometry":{"type":"Point","coordinates":[-77.9472,35.1967]}},{"type":"Feature","properties":{"id":"","property":"Swine"},"geometry":{"type":"Point","coordinates":[-77.9844,35.2417]}},{"type":"Feature","properties":{"id":"","property":"Swine"},"geometry":{"type":"Point","coordinates":[-77.9844,35.2417]}},{"type":"Feature","properties":{"id":"","property":"Swine"},"geometry":{"type":"Point","coordinates":[-77.9625,35.1867]}},{"type":"Feature","properties":{"id":"","property":"Swine"},"geometry":{"type":"Point","coordinates":[-78.1222,35.4222]}},{"type":"Feature","properties":{"id":"","property":"Swine"},"geometry":{"type":"Point","coordinates":[-77.911641,35.235195]}},{"type":"Feature","properties":{"id":"","property":"Swine"},"geometry":{"type":"Point","coordinates":[-77.911641,35.235195]}},{"type":"Feature","properties":{"id":"","property":"Swine"},"geometry":{"type":"Point","coordinates":[-77.843633,35.30169]}},{"type":"Feature","properties":{"id":"","property":"Swine"},"geometry":{"type":"Point","coordinates":[-77.9686,35.1786]}},{"type":"Feature","properties":{"id":"","property":"Swine"},"geometry":{"type":"Point","coordinates":[-78.0078,35.2342]}},{"type":"Feature","properties":{"id":"","property":"Swine"},"geometry":{"type":"Point","coordinates":[-78.0258,35.2783]}},{"type":"Feature","properties":{"id":"","property":"Swine"},"geometry":{"type":"Point","coordinates":[-77.9481,35.1783]}},{"type":"Feature","properties":{"id":"","property":"Swine"},"geometry":{"type":"Point","coordinates":[-78.0819,35.4483]}},{"type":"Feature","properties":{"id":"","property":"Swine"},"geometry":{"type":"Point","coordinates":[-77.8467,35.2536]}},{"type":"Feature","properties":{"id":"","property":"Swine"},"geometry":{"type":"Point","coordinates":[-78.1567,35.2672]}},{"type":"Feature","properties":{"id":"","property":"Swine"},"geometry":{"type":"Point","coordinates":[-78.1183,35.4514]}},{"type":"Feature","properties":{"id":"","property":"Swine"},"geometry":{"type":"Point","coordinates":[-78.1017,35.3192]}},{"type":"Feature","properties":{"id":"","property":"Swine"},"geometry":{"type":"Point","coordinates":[-78.2519,35.2828]}},{"type":"Feature","properties":{"id":"","property":"Swine"},"geometry":{"type":"Point","coordinates":[-78.0486,35.2403]}},{"type":"Feature","properties":{"id":"","property":"Swine"},"geometry":{"type":"Point","coordinates":[-78.1406,35.3444]}},{"type":"Feature","properties":{"id":"","property":"Swine"},"geometry":{"type":"Point","coordinates":[-77.9872,35.2103]}},{"type":"Feature","properties":{"id":"","property":"Swine"},"geometry":{"type":"Point","coordinates":[-78.1375,35.2639]}},{"type":"Feature","properties":{"id":"","property":"Swine"},"geometry":{"type":"Point","coordinates":[-78.1297,35.2492]}},{"type":"Feature","properties":{"id":"","property":"Swine"},"geometry":{"type":"Point","coordinates":[-78.098348,35.230148]}},{"type":"Feature","properties":{"id":"","property":"Swine"},"geometry":{"type":"Point","coordinates":[-78.098348,35.230148]}},{"type":"Feature","properties":{"id":"","property":"Swine"},"geometry":{"type":"Point","coordinates":[-77.9561,35.2089]}},{"type":"Feature","properties":{"id":"","property":"Swine"},"geometry":{"type":"Point","coordinates":[-77.9069,35.2008]}},{"type":"Feature","properties":{"id":"","property":"Swine"},"geometry":{"type":"Point","coordinates":[-77.9283,35.5736]}},{"type":"Feature","properties":{"id":"","property":"Swine"},"geometry":{"type":"Point","coordinates":[-77.9283,35.5736]}},{"type":"Feature","properties":{"id":"","property":"Swine"},"geometry":{"type":"Point","coordinates":[-78.104175,35.346713]}},{"type":"Feature","properties":{"id":"","property":"Swine"},"geometry":{"type":"Point","coordinates":[-77.828312,35.200973]}},{"type":"Feature","properties":{"id":"","property":"Swine"},"geometry":{"type":"Point","coordinates":[-78.141211,35.245]}},{"type":"Feature","properties":{"id":"","property":"Swine"},"geometry":{"type":"Point","coordinates":[-78.1031,35.2997]}},{"type":"Feature","properties":{"id":"","property":"Swine"},"geometry":{"type":"Point","coordinates":[-78.1819,35.2403]}},{"type":"Feature","properties":{"id":"","property":"Swine"},"geometry":{"type":"Point","coordinates":[-78.1169,35.3489]}},{"type":"Feature","properties":{"id":"","property":"Swine"},"geometry":{"type":"Point","coordinates":[-78.0889,35.2433]}},{"type":"Feature","properties":{"id":"","property":"Swine"},"geometry":{"type":"Point","coordinates":[-77.850703,35.246672]}},{"type":"Feature","properties":{"id":"","property":"Swine"},"geometry":{"type":"Point","coordinates":[-77.929068,35.274249]}},{"type":"Feature","properties":{"id":"","property":"Swine"},"geometry":{"type":"Point","coordinates":[-78.1483,35.2369]}},{"type":"Feature","properties":{"id":"","property":"Swine"},"geometry":{"type":"Point","coordinates":[-78.2042,35.3189]}},{"type":"Feature","properties":{"id":"","property":"Swine"},"geometry":{"type":"Point","coordinates":[-77.8778,35.3556]}},{"type":"Feature","properties":{"id":"","property":"Swine"},"geometry":{"type":"Point","coordinates":[-77.9247,35.2414]}},{"type":"Feature","properties":{"id":"","property":"Swine"},"geometry":{"type":"Point","coordinates":[-78.1192,35.3281]}},{"type":"Feature","properties":{"id":"","property":"Swine"},"geometry":{"type":"Point","coordinates":[-77.9186,35.2783]}},{"type":"Feature","properties":{"id":"","property":"Swine"},"geometry":{"type":"Point","coordinates":[-77.9469,35.2342]}},{"type":"Feature","properties":{"id":"","property":"Swine"},"geometry":{"type":"Point","coordinates":[-77.9011,35.3272]}},{"type":"Feature","properties":{"id":"","property":"Swine"},"geometry":{"type":"Point","coordinates":[-78.1433,35.3053]}},{"type":"Feature","properties":{"id":"","property":"Swine"},"geometry":{"type":"Point","coordinates":[-77.8411,35.4358]}},{"type":"Feature","properties":{"id":"","property":"Swine"},"geometry":{"type":"Point","coordinates":[-78.1372,35.2286]}},{"type":"Feature","properties":{"id":"","property":"Swine"},"geometry":{"type":"Point","coordinates":[-77.956136,35.337633]}},{"type":"Feature","properties":{"id":"","property":"Swine"},"geometry":{"type":"Point","coordinates":[-77.945,35.2439]}},{"type":"Feature","properties":{"id":"","property":"Swine"},"geometry":{"type":"Point","coordinates":[-78.2719,35.3028]}},{"type":"Feature","properties":{"id":"","property":"Swine"},"geometry":{"type":"Point","coordinates":[-78.154445,35.184988]}},{"type":"Feature","properties":{"id":"","property":"Swine"},"geometry":{"type":"Point","coordinates":[-78.0433,35.2353]}},{"type":"Feature","properties":{"id":"","property":"Swine"},"geometry":{"type":"Point","coordinates":[-78.005,35.5708]}},{"type":"Feature","properties":{"id":"","property":"Swine"},"geometry":{"type":"Point","coordinates":[-78.1722,35.23]}},{"type":"Feature","properties":{"id":"","property":"Swine"},"geometry":{"type":"Point","coordinates":[-78.2783,35.3078]}},{"type":"Feature","properties":{"id":"","property":"Swine"},"geometry":{"type":"Point","coordinates":[-78.1639,35.2383]}},{"type":"Feature","properties":{"id":"","property":"Swine"},"geometry":{"type":"Point","coordinates":[-77.821267,35.504251]}},{"type":"Feature","properties":{"id":"","property":"Swine"},"geometry":{"type":"Point","coordinates":[-77.8128,35.3922]}},{"type":"Feature","properties":{"id":"","property":"Swine"},"geometry":{"type":"Point","coordinates":[-77.8456,35.3289]}},{"type":"Feature","properties":{"id":"","property":"Swine"},"geometry":{"type":"Point","coordinates":[-78.1328,35.3447]}},{"type":"Feature","properties":{"id":"","property":"Swine"},"geometry":{"type":"Point","coordinates":[-77.887391,35.587698]}},{"type":"Feature","properties":{"id":"","property":"Swine"},"geometry":{"type":"Point","coordinates":[-77.887391,35.587698]}},{"type":"Feature","properties":{"id":"","property":"Swine"},"geometry":{"type":"Point","coordinates":[-77.8333,35.37]}},{"type":"Feature","properties":{"id":"","property":"Swine"},"geometry":{"type":"Point","coordinates":[-78.1078,35.2703]}},{"type":"Feature","properties":{"id":"","property":"Swine"},"geometry":{"type":"Point","coordinates":[-78.2764,35.2694]}},{"type":"Feature","properties":{"id":"","property":"Swine"},"geometry":{"type":"Point","coordinates":[-78.1269,35.4433]}},{"type":"Feature","properties":{"id":"","property":"Swine"},"geometry":{"type":"Point","coordinates":[-77.8803,35.5642]}},{"type":"Feature","properties":{"id":"","property":"Swine"},"geometry":{"type":"Point","coordinates":[-77.8744,35.4233]}},{"type":"Feature","properties":{"id":"","property":"Swine"},"geometry":{"type":"Point","coordinates":[-77.83,35.3497]}},{"type":"Feature","properties":{"id":"","property":"Swine"},"geometry":{"type":"Point","coordinates":[-78.0686,35.5492]}},{"type":"Feature","properties":{"id":"","property":"Swine"},"geometry":{"type":"Point","coordinates":[-77.9058,35.5061]}},{"type":"Feature","properties":{"id":"","property":"Swine"},"geometry":{"type":"Point","coordinates":[-77.914545,35.498228]}},{"type":"Feature","properties":{"id":"","property":"Swine"},"geometry":{"type":"Point","coordinates":[-77.7417,35.7792]}},{"type":"Feature","properties":{"id":"","property":"Swine"},"geometry":{"type":"Point","coordinates":[-77.882303,35.620352]}},{"type":"Feature","properties":{"id":"","property":"Swine"},"geometry":{"type":"Point","coordinates":[-78.115,35.7086]}},{"type":"Feature","properties":{"id":"","property":"Swine"},"geometry":{"type":"Point","coordinates":[-78.07561,35.726608]}},{"type":"Feature","properties":{"id":"","property":"Swine"},"geometry":{"type":"Point","coordinates":[-78.0697,35.7247]},"id":2438},{"type":"Feature","properties":{"id":"","property":"Swine"},"geometry":{"type":"Point","coordinates":[-77.811288,35.705163]}},{"type":"Feature","properties":{"id":"","property":"Swine"},"geometry":{"type":"Point","coordinates":[-80.7083,36.1667]},"id":2440},{"type":"Feature","properties":{"id":"","property":"Cattle"},"geometry":{"type":"Point","coordinates":[-79.6408,35.8561]}},{"type":"Feature","properties":{"id":"","property":"Swine"},"geometry":{"type":"Point","coordinates":[-78.823838,34.571938]}},{"type":"Feature","properties":{"id":"","property":"Swine"},"geometry":{"type":"Point","coordinates":[-78.543486,34.541061]}},{"type":"Feature","properties":{"id":"","property":"Swine"},"geometry":{"type":"Point","coordinates":[-77.934358,34.892612]}},{"type":"Feature","properties":{"id":"","property":"Swine"},"geometry":{"type":"Point","coordinates":[-78.075528,34.877517]}},{"type":"Feature","properties":{"id":"","property":"Swine"},"geometry":{"type":"Point","coordinates":[-77.7072,34.8447]}},{"type":"Feature","properties":{"id":"","property":"Swine"},"geometry":{"type":"Point","coordinates":[-78.3507,35.2959]}},{"type":"Feature","properties":{"id":"","property":"Swine"},"geometry":{"type":"Point","coordinates":[-77.5353,34.9894]}},{"type":"Feature","properties":{"id":"","property":"Swine"},"geometry":{"type":"Point","coordinates":[-78.241352,35.052866]}},{"type":"Feature","properties":{"id":"","property":"Cattle"},"geometry":{"type":"Point","coordinates":[-82.5528,35.3972]}},{"type":"Feature","properties":{"id":"","property":"Cattle"},"geometry":{"type":"Point","coordinates":[-82.5528,35.3972]}},{"type":"Feature","properties":{"id":"","property":"Cattle"},"geometry":{"type":"Point","coordinates":[-80.8639,35.8986]}},{"type":"Feature","properties":{"id":"","property":"Cattle"},"geometry":{"type":"Point","coordinates":[-80.8639,35.8986]}},{"type":"Feature","properties":{"id":"","property":"Cattle"},"geometry":{"type":"Point","coordinates":[-80.8639,35.8986]}}]}